;;;;;;;;;;;;;;;;;;;;;;;;;;;;;;;;;;;;;;
;  Município Acidente ;Ano;Mês;Sexo;Turno Acidente;Tipo de Acidente;Meio de Locomoção da Vítima;Faixa Etária;Latitude Acidente;Longitude Acidente;;;;;;;;;;;;;;;;;;;;;;;;;;;;
Aguas de Lindoia; Aguas de Lindoia ;2017; 1 ; MASCULINO ; MANHÃ ; COLISÃO ; MOTOCICLETA ; 35-39 ; -22.478553 ; -46.635755 ;;;;;;;;;;;;;;;;;;;;;;;;;;;;
Aguas de Lindoia; Aguas de Lindoia ;2017; 1 ; MASCULINO ; Não Disponível ; COLISÃO ; AUTOMÓVEL ; 18-24 ; -22.4610541928063 ; -46.592167512743 ;;;;;;;;;;;;;;;;;;;;;;;;;;;;
Alvares Machado; Alvares Machado ;2017; 1 ; MASCULINO ; Não Disponível ; ATROPELAMENTO ; PEDESTRE ; 75-79 ; -22.072623 ; -51.499193 ;;;;;;;;;;;;;;;;;;;;;;;;;;;;
Americana; Americana ;2017; 1 ; FEMININO ; TARDE ; COLISÃO ; MOTOCICLETA ; 40-44 ; -22.7585390704091 ; -47.3156216460791 ;;;;;;;;;;;;;;;;;;;;;;;;;;;;
Amparo; Amparo ;2017; 1 ; MASCULINO ; TARDE ; COLISÃO ; MOTOCICLETA ; 30-34 ; -22.6368014475472 ; -46.8027202129382 ;;;;;;;;;;;;;;;;;;;;;;;;;;;;
Amparo; Amparo ;2017; 1 ; MASCULINO ; TARDE ; NÃO DISPONÍVEL ; NÃO DISPONÍVEL ; 70-74 ; -22.721048277 ; -46.7852235349999 ;;;;;;;;;;;;;;;;;;;;;;;;;;;;
Andradina; Andradina ;2017; 1 ; MASCULINO ; MADRUGADA ; COLISÃO ; MOTOCICLETA ; 18-24 ; -20.8651098769787 ; -51.4158362236357 ;;;;;;;;;;;;;;;;;;;;;;;;;;;;
Aracariguama; Aracariguama ;2017; 1 ; MASCULINO ; MADRUGADA ; ATROPELAMENTO ; PEDESTRE ; 40-44 ; -23.4368590223836 ; -47.0969492099777 ;;;;;;;;;;;;;;;;;;;;;;;;;;;;
Aracatuba; Aracatuba ;2017; 1 ; FEMININO ; NOITE ; COLISÃO ; AUTOMÓVEL ; 55-59 ; -21.1995572154174 ; -50.5681113685963 ;;;;;;;;;;;;;;;;;;;;;;;;;;;;
Araraquara; Araraquara ;2017; 1 ; MASCULINO ; NOITE ; CHOQUE ; MOTOCICLETA ; 30-34 ; -21.752965 ; -48.182054 ;;;;;;;;;;;;;;;;;;;;;;;;;;;;
Araraquara; Araraquara ;2017; 1 ; MASCULINO ; TARDE ; CHOQUE ; MOTOCICLETA ; 18-24 ; -21.720623, -48.152574 ; -48.1525869279999 ;;;;;;;;;;;;;;;;;;;;;;;;;;;;
Araraquara; Araraquara ;2017; 1 ; MASCULINO ; TARDE ; COLISÃO ; AUTOMÓVEL ; 25-29 ; -21.7746636963593 ; -48.1002101551147 ;;;;;;;;;;;;;;;;;;;;;;;;;;;;
Araras; Araras ;2017; 1 ; FEMININO ; MANHÃ ; ATROPELAMENTO ; PEDESTRE ; 65-69 ; -22.359910 ; -47.375346 ;;;;;;;;;;;;;;;;;;;;;;;;;;;;
Araras; Araras ;2017; 1 ; MASCULINO ; MADRUGADA ; OUTROS ; AUTOMÓVEL ; 25-29 ; -22.389900000 ; -47.393400000 ;;;;;;;;;;;;;;;;;;;;;;;;;;;;
Araras; Araras ;2017; 1 ; MASCULINO ; TARDE ; OUTROS ; AUTOMÓVEL ; 30-34 ; -22.360371 ; -47.400529 ;;;;;;;;;;;;;;;;;;;;;;;;;;;;
Artur Nogueira; Artur Nogueira ;2017; 1 ; MASCULINO ; NOITE ; COLISÃO ; BICICLETA ; 30-34 ; -22.5481678775796 ; -47.1709047091947 ;;;;;;;;;;;;;;;;;;;;;;;;;;;;
Assis; Assis ;2017; 1 ; MASCULINO ; Não Disponível ; OUTROS ; AUTOMÓVEL ; 60-64 ; -22.667334 ; -50.408913 ;;;;;;;;;;;;;;;;;;;;;;;;;;;;
Assis; Assis ;2017; 1 ; MASCULINO ; NOITE ; COLISÃO ; BICICLETA ; 65-69 ; -22.674715 ; -50.426909 ;;;;;;;;;;;;;;;;;;;;;;;;;;;;
Atibaia; Atibaia ;2017; 1 ; FEMININO ; MANHÃ ; ATROPELAMENTO ; PEDESTRE ; 0-17 ; -23.220667 ; -46.594557 ;;;;;;;;;;;;;;;;;;;;;;;;;;;;
Atibaia; Atibaia ;2017; 1 ; MASCULINO ; MADRUGADA ; COLISÃO ; MOTOCICLETA ; Não Disponível ; -23.2336858170813 ; -46.6021002328068 ;;;;;;;;;;;;;;;;;;;;;;;;;;;;
Atibaia; Atibaia ;2017; 1 ; MASCULINO ; TARDE ; ATROPELAMENTO ; PEDESTRE ; 25-29 ; -23.0363195617878 ; -46.5525240998558 ;;;;;;;;;;;;;;;;;;;;;;;;;;;;
Atibaia; Atibaia ;2017; 1 ; MASCULINO ; TARDE ; OUTROS ; MOTOCICLETA ; 30-34 ; -23.0674481600303 ; -46.6438777706221 ;;;;;;;;;;;;;;;;;;;;;;;;;;;;
Bariri; Bariri ;2017; 1 ; FEMININO ; NOITE ; COLISÃO ; AUTOMÓVEL ; 25-29 ; -22.1310595577394 ; -48.7395509831367 ;;;;;;;;;;;;;;;;;;;;;;;;;;;;
Barretos; Barretos ;2017; 1 ; FEMININO ; MANHÃ ; COLISÃO ; MOTOCICLETA ; 30-34 ; -20.556186 ; -48.569661 ;;;;;;;;;;;;;;;;;;;;;;;;;;;;
Barueri; Barueri ;2017; 1 ; MASCULINO ; TARDE ; CHOQUE ; MOTOCICLETA ; 30-34 ; Não Disponível ; Não Disponível ;;;;;;;;;;;;;;;;;;;;;;;;;;;;
Barueri; Barueri ;2017; 1 ; MASCULINO ; TARDE ; COLISÃO ; MOTOCICLETA ; 35-39 ; -23.5095012505267 ; -46.8181609414955 ;;;;;;;;;;;;;;;;;;;;;;;;;;;;
Bastos; Bastos ;2017; 1 ; MASCULINO ; NOITE ; ATROPELAMENTO ; PEDESTRE ; 25-29 ; -21.9113896948276 ; -50.7102729490001 ;;;;;;;;;;;;;;;;;;;;;;;;;;;;
Batatais; Batatais ;2017; 1 ; MASCULINO ; TARDE ; COLISÃO ; AUTOMÓVEL ; 50-54 ; -20.837334915002 ; -47.6015241875066 ;;;;;;;;;;;;;;;;;;;;;;;;;;;;
Bauru; Bauru ;2017; 1 ; MASCULINO ; MADRUGADA ; ATROPELAMENTO ; PEDESTRE ; Não Disponível ; -22.359650000 ; -49.038340000 ;;;;;;;;;;;;;;;;;;;;;;;;;;;;
Bauru; Bauru ;2017; 1 ; MASCULINO ; MADRUGADA ; CHOQUE ; MOTOCICLETA ; 30-34 ; -22.312283 ; -49.069696 ;;;;;;;;;;;;;;;;;;;;;;;;;;;;
Bauru; Bauru ;2017; 1 ; MASCULINO ; Não Disponível ; CHOQUE ; MOTOCICLETA ; 40-44 ; -22.2866372647711 ; -49.0940972091816 ;;;;;;;;;;;;;;;;;;;;;;;;;;;;
Bauru; Bauru ;2017; 1 ; MASCULINO ; TARDE ; COLISÃO ; MOTOCICLETA ; 18-24 ; -22.305738 ; -49.052239 ;;;;;;;;;;;;;;;;;;;;;;;;;;;;
Bebedouro; Bebedouro ;2017; 1 ; MASCULINO ; NOITE ; CHOQUE ; MOTOCICLETA ; 30-34 ; -20.932579 ; -48.499755 ;;;;;;;;;;;;;;;;;;;;;;;;;;;;
Bertioga; Bertioga ;2017; 1 ; MASCULINO ; Não Disponível ; COLISÃO ; AUTOMÓVEL ; 18-24 ; -23.7565828742702 ; -45.8522038035251 ;;;;;;;;;;;;;;;;;;;;;;;;;;;;
Bertioga; Bertioga ;2017; 1 ; MASCULINO ; NOITE ; NÃO DISPONÍVEL ; NÃO DISPONÍVEL ; 30-34 ; -23.7483948537406 ; -46.0463361451337 ;;;;;;;;;;;;;;;;;;;;;;;;;;;;
Birigui; Birigui ;2017; 1 ; MASCULINO ; TARDE ; ATROPELAMENTO ; PEDESTRE ; 0-17 ; Não Disponível ; Não Disponível ;;;;;;;;;;;;;;;;;;;;;;;;;;;;
Boituva; Boituva ;2017; 1 ; MASCULINO ; MANHÃ ; OUTROS ; BICICLETA ; 60-64 ; -23.284485 ; -47.674137 ;;;;;;;;;;;;;;;;;;;;;;;;;;;;
Bom Jesus dos Perdoes; Bom Jesus dos Perdoes ;2017; 1 ; MASCULINO ; MANHÃ ; ATROPELAMENTO ; PEDESTRE ; 60-64 ; -23.144954 ; -46.467789 ;;;;;;;;;;;;;;;;;;;;;;;;;;;;
Borborema; Borborema ;2017; 1 ; MASCULINO ; TARDE ; COLISÃO ; BICICLETA ; 0-17 ; -21.6265672677512 ; -49.0842047144328 ;;;;;;;;;;;;;;;;;;;;;;;;;;;;
Botucatu; Botucatu ;2017; 1 ; MASCULINO ; MADRUGADA ; COLISÃO ; MOTOCICLETA ; 35-39 ; -23.047476102 ; -48.477079807 ;;;;;;;;;;;;;;;;;;;;;;;;;;;;
Braganca Paulista; Braganca Paulista ;2017; 1 ; MASCULINO ; MANHÃ ; CHOQUE ; MOTOCICLETA ; 18-24 ; -22.866153472413 ; -46.6254350469848 ;;;;;;;;;;;;;;;;;;;;;;;;;;;;
Buritama; Buritama ;2017; 1 ; MASCULINO ; NOITE ; NÃO DISPONÍVEL ; BICICLETA ; 55-59 ; -21.051167317 ; -50.174362511 ;;;;;;;;;;;;;;;;;;;;;;;;;;;;
Cacapava; Cacapava ;2017; 1 ; MASCULINO ; MANHÃ ; CHOQUE ; NÃO DISPONÍVEL ; 45-49 ; -23.0950044371499 ; -45.6807340099832 ;;;;;;;;;;;;;;;;;;;;;;;;;;;;
Cacapava; Cacapava ;2017; 1 ; MASCULINO ; NOITE ; ATROPELAMENTO ; PEDESTRE ; 40-44 ; -23.1088016401549 ; -45.700870963769 ;;;;;;;;;;;;;;;;;;;;;;;;;;;;
Cacapava; Cacapava ;2017; 1 ; MASCULINO ; NOITE ; NÃO DISPONÍVEL ; MOTOCICLETA ; 18-24 ; -23.095292 ; -45.702276 ;;;;;;;;;;;;;;;;;;;;;;;;;;;;
Caieiras; Caieiras ;2017; 1 ; FEMININO ; MANHÃ ; ATROPELAMENTO ; PEDESTRE ; 35-39 ; -23.3594424620584 ; -46.7486972476347 ;;;;;;;;;;;;;;;;;;;;;;;;;;;;
Caieiras; Caieiras ;2017; 1 ; FEMININO ; NOITE ; OUTROS ; AUTOMÓVEL ; 30-34 ; -23.348933 ; -46.743502 ;;;;;;;;;;;;;;;;;;;;;;;;;;;;
Caieiras; Caieiras ;2017; 1 ; FEMININO ; NOITE ; OUTROS ; AUTOMÓVEL ; 45-49 ; -23.348933 ; -46.743502 ;;;;;;;;;;;;;;;;;;;;;;;;;;;;
Caiua; Caiua ;2017; 1 ; FEMININO ; NOITE ; COLISÃO ; AUTOMÓVEL ; 25-29 ; -21.846798580 ; -52.024815197 ;;;;;;;;;;;;;;;;;;;;;;;;;;;;
CAJURU; CAJURU ;2017; 1 ; MASCULINO ; TARDE ; OUTROS ; AUTOMÓVEL ; 65-69 ; -21.2747423475453 ; -47.2898649484936 ;;;;;;;;;;;;;;;;;;;;;;;;;;;;
Campinas; Campinas ;2017; 1 ; FEMININO ; MANHÃ ; ATROPELAMENTO ; PEDESTRE ; 65-69 ; Não Disponível ; Não Disponível ;;;;;;;;;;;;;;;;;;;;;;;;;;;;
Campinas; Campinas ;2017; 1 ; FEMININO ; TARDE ; COLISÃO ; MOTOCICLETA ; 18-24 ; -22.938425427 ; -47.1065945569999 ;;;;;;;;;;;;;;;;;;;;;;;;;;;;
Campinas; Campinas ;2017; 1 ; MASCULINO ; MADRUGADA ; ATROPELAMENTO ; PEDESTRE ; 30-34 ; -23.04622476234 ; -47.1376104238814 ;;;;;;;;;;;;;;;;;;;;;;;;;;;;
Campinas; Campinas ;2017; 1 ; MASCULINO ; MADRUGADA ; COLISÃO ; MOTOCICLETA ; 50-54 ; -22.974890220 ; -47.048333287 ;;;;;;;;;;;;;;;;;;;;;;;;;;;;
Campinas; Campinas ;2017; 1 ; MASCULINO ; MANHÃ ; ATROPELAMENTO ; PEDESTRE ; 18-24 ; -22.844174190 ; -47.038399602 ;;;;;;;;;;;;;;;;;;;;;;;;;;;;
Campinas; Campinas ;2017; 1 ; MASCULINO ; MANHÃ ; ATROPELAMENTO ; PEDESTRE ; Não Disponível ; -22.844174190 ; -47.038399602 ;;;;;;;;;;;;;;;;;;;;;;;;;;;;
Campinas; Campinas ;2017; 1 ; MASCULINO ; Não Disponível ; ATROPELAMENTO ; PEDESTRE ; 55-59 ; -22.981249 ; -47.083034 ;;;;;;;;;;;;;;;;;;;;;;;;;;;;
Campinas; Campinas ;2017; 1 ; MASCULINO ; Não Disponível ; COLISÃO ; MOTOCICLETA ; 18-24 ; -22.934900 ; -47.189160 ;;;;;;;;;;;;;;;;;;;;;;;;;;;;
Campinas; Campinas ;2017; 1 ; MASCULINO ; Não Disponível ; COLISÃO ; MOTOCICLETA ; 18-24 ; -22.951561 ; -47.121737 ;;;;;;;;;;;;;;;;;;;;;;;;;;;;
Campinas; Campinas ;2017; 1 ; MASCULINO ; NOITE ; ATROPELAMENTO ; PEDESTRE ; 45-49 ; -22.8453703561572 ; -47.0797443031302 ;;;;;;;;;;;;;;;;;;;;;;;;;;;;
Campinas; Campinas ;2017; 1 ; MASCULINO ; NOITE ; COLISÃO ; MOTOCICLETA ; 45-49 ; -22.897018 ; -47.107788 ;;;;;;;;;;;;;;;;;;;;;;;;;;;;
Campinas; Campinas ;2017; 1 ; MASCULINO ; NOITE ; NÃO DISPONÍVEL ; MOTOCICLETA ; 18-24 ; -22.935437 ; -47.188361 ;;;;;;;;;;;;;;;;;;;;;;;;;;;;
Campinas; Campinas ;2017; 1 ; MASCULINO ; TARDE ; COLISÃO ; AUTOMÓVEL ; 60-64 ; -22.752089 ; -46.989259 ;;;;;;;;;;;;;;;;;;;;;;;;;;;;
Campinas; Campinas ;2017; 1 ; MASCULINO ; TARDE ; COLISÃO ; MOTOCICLETA ; 35-39 ; -22.926507 ; -47.126129 ;;;;;;;;;;;;;;;;;;;;;;;;;;;;
Campos do Jordao; Campos do Jordao ;2017; 1 ; MASCULINO ; TARDE ; COLISÃO ; MOTOCICLETA ; 18-24 ; -22.717797 ; -45.570047 ;;;;;;;;;;;;;;;;;;;;;;;;;;;;
Capao Bonito; Capao Bonito ;2017; 1 ; MASCULINO ; TARDE ; COLISÃO ; AUTOMÓVEL ; 45-49 ; -24.1100887353481 ; -48.4504564817058 ;;;;;;;;;;;;;;;;;;;;;;;;;;;;
Caraguatatuba; Caraguatatuba ;2017; 1 ; MASCULINO ; MANHÃ ; ATROPELAMENTO ; PEDESTRE ; 18-24 ; -23.614651169857 ; -45.3845780187405 ;;;;;;;;;;;;;;;;;;;;;;;;;;;;
Caraguatatuba; Caraguatatuba ;2017; 1 ; MASCULINO ; TARDE ; ATROPELAMENTO ; PEDESTRE ; 18-24 ; -23.703208 ; -45.447767 ;;;;;;;;;;;;;;;;;;;;;;;;;;;;
Catanduva; Catanduva ;2017; 1 ; MASCULINO ; MANHÃ ; COLISÃO ; MOTOCICLETA ; 40-44 ; -21.2078366824085 ; -48.9992205587295 ;;;;;;;;;;;;;;;;;;;;;;;;;;;;
Catanduva; Catanduva ;2017; 1 ; MASCULINO ; MANHÃ ; COLISÃO ; MOTOCICLETA ; 40-44 ; -21.2078366824085 ; -48.9992205587295 ;;;;;;;;;;;;;;;;;;;;;;;;;;;;
Catanduva; Catanduva ;2017; 1 ; MASCULINO ; NOITE ; CHOQUE ; NÃO DISPONÍVEL ; 50-54 ; -21.139494 ; -48.983360 ;;;;;;;;;;;;;;;;;;;;;;;;;;;;
Catigua; Catigua ;2017; 1 ; FEMININO ; TARDE ; OUTROS ; NÃO DISPONÍVEL ; 50-54 ; -21.0837699392648 ; -49.0850945001913 ;;;;;;;;;;;;;;;;;;;;;;;;;;;;
Cerqueira Cesar; Cerqueira Cesar ;2017; 1 ; MASCULINO ; Não Disponível ; COLISÃO ; BICICLETA ; 40-44 ; -22.9874977453551 ; -49.2064300721721 ;;;;;;;;;;;;;;;;;;;;;;;;;;;;
Cerquilho; Cerquilho ;2017; 1 ; MASCULINO ; TARDE ; NÃO DISPONÍVEL ; MOTOCICLETA ; 30-34 ; -23.169241 ; -47.743398 ;;;;;;;;;;;;;;;;;;;;;;;;;;;;
Cosmopolis; Cosmopolis ;2017; 1 ; MASCULINO ; NOITE ; CHOQUE ; MOTOCICLETA ; 18-24 ; -22.638883 ; -47.188274 ;;;;;;;;;;;;;;;;;;;;;;;;;;;;
Cosmopolis; Cosmopolis ;2017; 1 ; MASCULINO ; TARDE ; ATROPELAMENTO ; PEDESTRE ; 75-79 ; -22.6485939238832 ; -47.2056751065585 ;;;;;;;;;;;;;;;;;;;;;;;;;;;;
Cosmopolis; Cosmopolis ;2017; 1 ; MASCULINO ; TARDE ; COLISÃO ; MOTOCICLETA ; 30-34 ; -22.640201 ; -47.181120 ;;;;;;;;;;;;;;;;;;;;;;;;;;;;
Cotia; Cotia ;2017; 1 ; FEMININO ; NOITE ; OUTROS ; AUTOMÓVEL ; 18-24 ; -23.5991015399999 ; -46.918556555 ;;;;;;;;;;;;;;;;;;;;;;;;;;;;
Cotia; Cotia ;2017; 1 ; MASCULINO ; NOITE ; ATROPELAMENTO ; PEDESTRE ; 75-79 ; -23.6001210042822 ; -46.9016568512092 ;;;;;;;;;;;;;;;;;;;;;;;;;;;;
Cotia; Cotia ;2017; 1 ; MASCULINO ; TARDE ; ATROPELAMENTO ; PEDESTRE ; 50-54 ; -23.603270745 ; -46.917905967 ;;;;;;;;;;;;;;;;;;;;;;;;;;;;
Cotia; Cotia ;2017; 1 ; MASCULINO ; TARDE ; NÃO DISPONÍVEL ; MOTOCICLETA ; 18-24 ; -23.580701 ; -46.917552 ;;;;;;;;;;;;;;;;;;;;;;;;;;;;
Cravinhos; Cravinhos ;2017; 1 ; MASCULINO ; Não Disponível ; CHOQUE ; AUTOMÓVEL ; 40-44 ; -21.3156273582691 ; -47.7352502947021 ;;;;;;;;;;;;;;;;;;;;;;;;;;;;
Cruzeiro; Cruzeiro ;2017; 1 ; MASCULINO ; TARDE ; COLISÃO ; MOTOCICLETA ; 45-49 ; -22.5488850932407 ; -45.0209203918767 ;;;;;;;;;;;;;;;;;;;;;;;;;;;;
Cunha; Cunha ;2017; 1 ; FEMININO ; TARDE ; NÃO DISPONÍVEL ; NÃO DISPONÍVEL ; 40-44 ; -23.129332375742 ; -44.9371990473268 ;;;;;;;;;;;;;;;;;;;;;;;;;;;;
Diadema; Diadema ;2017; 1 ; FEMININO ; NOITE ; CHOQUE ; MOTOCICLETA ; 25-29 ; -23.6947172546499 ; -46.602986943335 ;;;;;;;;;;;;;;;;;;;;;;;;;;;;
Diadema; Diadema ;2017; 1 ; MASCULINO ; MANHÃ ; NÃO DISPONÍVEL ; BICICLETA ; 55-59 ; -23.709003 ; -46.596904 ;;;;;;;;;;;;;;;;;;;;;;;;;;;;
Diadema; Diadema ;2017; 1 ; MASCULINO ; NOITE ; ATROPELAMENTO ; PEDESTRE ; 45-49 ; -23.678912 ; -46.583253 ;;;;;;;;;;;;;;;;;;;;;;;;;;;;
Diadema; Diadema ;2017; 1 ; MASCULINO ; NOITE ; CHOQUE ; MOTOCICLETA ; 25-29 ; -23.6947172546499 ; -46.602986943335 ;;;;;;;;;;;;;;;;;;;;;;;;;;;;
Dumont; Dumont ;2017; 1 ; MASCULINO ; MANHÃ ; OUTROS ; AUTOMÓVEL ; 18-24 ; -21.2341726391741 ; -47.9538233370655 ;;;;;;;;;;;;;;;;;;;;;;;;;;;;
Embauba; Embauba ;2017; 1 ; MASCULINO ; Não Disponível ; OUTROS ; CAMINHÃO ; 18-24 ; -20.992939 ; -48.853606 ;;;;;;;;;;;;;;;;;;;;;;;;;;;;
Embu das Artes; Embu das Artes ;2017; 1 ; MASCULINO ; NOITE ; ATROPELAMENTO ; PEDESTRE ; 45-49 ; -23.6829825045498 ; -46.8584328215038 ;;;;;;;;;;;;;;;;;;;;;;;;;;;;
Embu-Guacu; Embu-Guacu ;2017; 1 ; MASCULINO ; NOITE ; NÃO DISPONÍVEL ; AUTOMÓVEL ; 40-44 ; -23.7704239420207 ; -46.7932172943141 ;;;;;;;;;;;;;;;;;;;;;;;;;;;;
Embu-Guacu; Embu-Guacu ;2017; 1 ; MASCULINO ; NOITE ; OUTROS ; BICICLETA ; 45-49 ; -23.876870 ; -46.793730 ;;;;;;;;;;;;;;;;;;;;;;;;;;;;
Embu-Guacu; Embu-Guacu ;2017; 1 ; MASCULINO ; TARDE ; COLISÃO ; MOTOCICLETA ; 18-24 ; -23.8306356886006 ; -46.8522488610105 ;;;;;;;;;;;;;;;;;;;;;;;;;;;;
Euclides da Cunha Paulista; Euclides da Cunha Paulista ;2017; 1 ; MASCULINO ; MANHÃ ; COLISÃO ; MOTOCICLETA ; 30-34 ; Não Disponível ; Não Disponível ;;;;;;;;;;;;;;;;;;;;;;;;;;;;
Fartura; Fartura ;2017; 1 ; MASCULINO ; TARDE ; COLISÃO ; BICICLETA ; 0-17 ; -23.391335 ; -49.509051 ;;;;;;;;;;;;;;;;;;;;;;;;;;;;
Fernandopolis; Fernandopolis ;2017; 1 ; FEMININO ; Não Disponível ; NÃO DISPONÍVEL ; MOTOCICLETA ; 30-34 ; -20.303611 ; -50.254226 ;;;;;;;;;;;;;;;;;;;;;;;;;;;;
Franca; Franca ;2017; 1 ; MASCULINO ; Não Disponível ; ATROPELAMENTO ; PEDESTRE ; 45-49 ; Não Disponível ; Não Disponível ;;;;;;;;;;;;;;;;;;;;;;;;;;;;
Franca; Franca ;2017; 1 ; MASCULINO ; Não Disponível ; CHOQUE ; AUTOMÓVEL ; 25-29 ; -20.513942 ; -47.381250 ;;;;;;;;;;;;;;;;;;;;;;;;;;;;
Francisco Morato; Francisco Morato ;2017; 1 ; MASCULINO ; NOITE ; NÃO DISPONÍVEL ; MOTOCICLETA ; 25-29 ; -23.292644 ; -46.707622 ;;;;;;;;;;;;;;;;;;;;;;;;;;;;
Franco da Rocha; Franco da Rocha ;2017; 1 ; FEMININO ; MADRUGADA ; ATROPELAMENTO ; PEDESTRE ; 35-39 ; -23.3219519848832 ; -46.7536827187406 ;;;;;;;;;;;;;;;;;;;;;;;;;;;;
Guaratingueta; Guaratingueta ;2017; 1 ; MASCULINO ; MADRUGADA ; CHOQUE ; AUTOMÓVEL ; 25-29 ; -22.793263 ; -45.208494 ;;;;;;;;;;;;;;;;;;;;;;;;;;;;
Guaruja; Guaruja ;2017; 1 ; FEMININO ; MANHÃ ; COLISÃO ; MOTOCICLETA ; 25-29 ; -23.8979248256753 ; -46.1892964404988 ;;;;;;;;;;;;;;;;;;;;;;;;;;;;
Guaruja; Guaruja ;2017; 1 ; MASCULINO ; TARDE ; ATROPELAMENTO ; PEDESTRE ; 75-79 ; -23.990223 ; -46.285129 ;;;;;;;;;;;;;;;;;;;;;;;;;;;;
Guarulhos; Guarulhos ;2017; 1 ; FEMININO ; MADRUGADA ; CHOQUE ; AUTOMÓVEL ; 65-69 ; -23.4511608641988 ; -46.4638677463884 ;;;;;;;;;;;;;;;;;;;;;;;;;;;;
Guarulhos; Guarulhos ;2017; 1 ; FEMININO ; NOITE ; COLISÃO ; AUTOMÓVEL ; 18-24 ; -23.424646853938 ; -46.4011303683626 ;;;;;;;;;;;;;;;;;;;;;;;;;;;;
Guarulhos; Guarulhos ;2017; 1 ; FEMININO ; NOITE ; COLISÃO ; AUTOMÓVEL ; Não Disponível ; -23.424646853938 ; -46.4011303683626 ;;;;;;;;;;;;;;;;;;;;;;;;;;;;
Guarulhos; Guarulhos ;2017; 1 ; MASCULINO ; MADRUGADA ; ATROPELAMENTO ; PEDESTRE ; 18-24 ; -23.436034016651 ; -46.428002957658 ;;;;;;;;;;;;;;;;;;;;;;;;;;;;
Guarulhos; Guarulhos ;2017; 1 ; MASCULINO ; MADRUGADA ; ATROPELAMENTO ; PEDESTRE ; 70-74 ; -23.403428 ; -46.416802 ;;;;;;;;;;;;;;;;;;;;;;;;;;;;
Guarulhos; Guarulhos ;2017; 1 ; MASCULINO ; MADRUGADA ; CHOQUE ; MOTOCICLETA ; 25-29 ; -23.451737 ; -46.503545 ;;;;;;;;;;;;;;;;;;;;;;;;;;;;
Guarulhos; Guarulhos ;2017; 1 ; MASCULINO ; MANHÃ ; NÃO DISPONÍVEL ; MOTOCICLETA ; 18-24 ; Não Disponível ; Não Disponível ;;;;;;;;;;;;;;;;;;;;;;;;;;;;
Guarulhos; Guarulhos ;2017; 1 ; MASCULINO ; MANHÃ ; OUTROS ; AUTOMÓVEL ; 35-39 ; -23.437650 ; -46.466771 ;;;;;;;;;;;;;;;;;;;;;;;;;;;;
Guarulhos; Guarulhos ;2017; 1 ; MASCULINO ; NOITE ; NÃO DISPONÍVEL ; NÃO DISPONÍVEL ; 30-34 ; -23.461180 ; -46.440869 ;;;;;;;;;;;;;;;;;;;;;;;;;;;;
Guarulhos; Guarulhos ;2017; 1 ; NÃO DISPONÍVEL ; NOITE ; CHOQUE ; AUTOMÓVEL ; 45-49 ; -23.4398577553468 ; -46.4369475062945 ;;;;;;;;;;;;;;;;;;;;;;;;;;;;
Hortolandia; Hortolandia ;2017; 1 ; FEMININO ; MADRUGADA ; ATROPELAMENTO ; PEDESTRE ; 65-69 ; -22.9036357107142 ; -47.2133439767143 ;;;;;;;;;;;;;;;;;;;;;;;;;;;;
IACANGA; IACANGA ;2017; 1 ; MASCULINO ; TARDE ; COLISÃO ; AUTOMÓVEL ; 45-49 ; -21.8584297101791 ; -49.033678060199 ;;;;;;;;;;;;;;;;;;;;;;;;;;;;
Iaras; Iaras ;2017; 1 ; MASCULINO ; Não Disponível ; OUTROS ; AUTOMÓVEL ; 45-49 ; -22.8927759203377 ; -49.1208548343663 ;;;;;;;;;;;;;;;;;;;;;;;;;;;;
Ibate; Ibate ;2017; 1 ; MASCULINO ; NOITE ; OUTROS ; AUTOMÓVEL ; 0-17 ; -21.964497 ; -47.987143 ;;;;;;;;;;;;;;;;;;;;;;;;;;;;
Ibiuna; Ibiuna ;2017; 1 ; FEMININO ; MADRUGADA ; NÃO DISPONÍVEL ; NÃO DISPONÍVEL ; 30-34 ; -23.6550576145631 ; -47.1200202008928 ;;;;;;;;;;;;;;;;;;;;;;;;;;;;
Ibiuna; Ibiuna ;2017; 1 ; MASCULINO ; NOITE ; OUTROS ; AUTOMÓVEL ; 35-39 ; -23.685900 ; -47.221923 ;;;;;;;;;;;;;;;;;;;;;;;;;;;;
Indaiatuba; Indaiatuba ;2017; 1 ; FEMININO ; MANHÃ ; ATROPELAMENTO ; PEDESTRE ; 75-79 ; -23.101647 ; -47.212263 ;;;;;;;;;;;;;;;;;;;;;;;;;;;;
Indaiatuba; Indaiatuba ;2017; 1 ; MASCULINO ; MADRUGADA ; COLISÃO ; AUTOMÓVEL ; 30-34 ; -23.1492363309133 ; -47.25379147518 ;;;;;;;;;;;;;;;;;;;;;;;;;;;;
Indaiatuba; Indaiatuba ;2017; 1 ; MASCULINO ; MADRUGADA ; COLISÃO ; AUTOMÓVEL ; 35-39 ; -23.1492363309133 ; -47.25379147518 ;;;;;;;;;;;;;;;;;;;;;;;;;;;;
Indaiatuba; Indaiatuba ;2017; 1 ; MASCULINO ; MADRUGADA ; COLISÃO ; AUTOMÓVEL ; 45-49 ; -23.1492363309133 ; -47.25379147518 ;;;;;;;;;;;;;;;;;;;;;;;;;;;;
Indaiatuba; Indaiatuba ;2017; 1 ; MASCULINO ; Não Disponível ; NÃO DISPONÍVEL ; NÃO DISPONÍVEL ; 40-44 ; Não Disponível ; Não Disponível ;;;;;;;;;;;;;;;;;;;;;;;;;;;;
Indaiatuba; Indaiatuba ;2017; 1 ; MASCULINO ; NOITE ; NÃO DISPONÍVEL ; AUTOMÓVEL ; 50-54 ; -23.101780 ; -47.209974 ;;;;;;;;;;;;;;;;;;;;;;;;;;;;
Indaiatuba; Indaiatuba ;2017; 1 ; MASCULINO ; NOITE ; OUTROS ; MOTOCICLETA ; 45-49 ; -23.104242 ; -47.271826 ;;;;;;;;;;;;;;;;;;;;;;;;;;;;
Ipua; Ipua ;2017; 1 ; FEMININO ; NOITE ; COLISÃO ; BICICLETA ; 18-24 ; -20.438541 ; -48.026008 ;;;;;;;;;;;;;;;;;;;;;;;;;;;;
Itabera; Itabera ;2017; 1 ; MASCULINO ; MANHÃ ; COLISÃO ; MOTOCICLETA ; 55-59 ; -24.0696320771118 ; -49.1182056423449 ;;;;;;;;;;;;;;;;;;;;;;;;;;;;
Itai; Itai ;2017; 1 ; MASCULINO ; TARDE ; COLISÃO ; AUTOMÓVEL ; 25-29 ; -23.4011005906455 ; -49.0924339684877 ;;;;;;;;;;;;;;;;;;;;;;;;;;;;
Itanhaem; Itanhaem ;2017; 1 ; MASCULINO ; Não Disponível ; NÃO DISPONÍVEL ; MOTOCICLETA ; 40-44 ; -24.1832025847682 ; -46.8169686616194 ;;;;;;;;;;;;;;;;;;;;;;;;;;;;
Itanhaem; Itanhaem ;2017; 1 ; MASCULINO ; NOITE ; ATROPELAMENTO ; PEDESTRE ; Não Disponível ; -24.2358126734527 ; -46.9044308618334 ;;;;;;;;;;;;;;;;;;;;;;;;;;;;
Itapira; Itapira ;2017; 1 ; MASCULINO ; MANHÃ ; COLISÃO ; AUTOMÓVEL ; 55-59 ; -22.394500000 ; -46.746800000 ;;;;;;;;;;;;;;;;;;;;;;;;;;;;
Itapira; Itapira ;2017; 1 ; MASCULINO ; MANHÃ ; COLISÃO ; AUTOMÓVEL ; 70-74 ; -22.394500000 ; -46.746800000 ;;;;;;;;;;;;;;;;;;;;;;;;;;;;
Itaquaquecetuba; Itaquaquecetuba ;2017; 1 ; MASCULINO ; MADRUGADA ; ATROPELAMENTO ; PEDESTRE ; 45-49 ; -23.4932452520234 ; -46.3603343943553 ;;;;;;;;;;;;;;;;;;;;;;;;;;;;
Itaquaquecetuba; Itaquaquecetuba ;2017; 1 ; MASCULINO ; NOITE ; ATROPELAMENTO ; PEDESTRE ; 35-39 ; -23.4844223389999 ; -46.375880992 ;;;;;;;;;;;;;;;;;;;;;;;;;;;;
Itaquaquecetuba; Itaquaquecetuba ;2017; 1 ; MASCULINO ; NOITE ; ATROPELAMENTO ; PEDESTRE ; Não Disponível ; -23.424290 ; -46.341167 ;;;;;;;;;;;;;;;;;;;;;;;;;;;;
Itarare; Itarare ;2017; 1 ; MASCULINO ; TARDE ; COLISÃO ; CAMINHÃO ; 55-59 ; -23.9443108933708 ; -49.3595604997229 ;;;;;;;;;;;;;;;;;;;;;;;;;;;;
Itirapina; Itirapina ;2017; 1 ; FEMININO ; MANHÃ ; COLISÃO ; AUTOMÓVEL ; 50-54 ; -22.234110000 ; -47.794660000 ;;;;;;;;;;;;;;;;;;;;;;;;;;;;
Itirapina; Itirapina ;2017; 1 ; MASCULINO ; MANHÃ ; NÃO DISPONÍVEL ; NÃO DISPONÍVEL ; 60-64 ; -22.284487 ; -47.901327 ;;;;;;;;;;;;;;;;;;;;;;;;;;;;
Itu; Itu ;2017; 1 ; MASCULINO ; MADRUGADA ; ATROPELAMENTO ; PEDESTRE ; Não Disponível ; -23.3989412945845 ; -47.3421743108918 ;;;;;;;;;;;;;;;;;;;;;;;;;;;;
Itu; Itu ;2017; 1 ; MASCULINO ; MANHÃ ; ATROPELAMENTO ; PEDESTRE ; 25-29 ; Não Disponível ; Não Disponível ;;;;;;;;;;;;;;;;;;;;;;;;;;;;
Itu; Itu ;2017; 1 ; MASCULINO ; MANHÃ ; COLISÃO ; MOTOCICLETA ; 30-34 ; -23.280616 ; -47.306761 ;;;;;;;;;;;;;;;;;;;;;;;;;;;;
Itu; Itu ;2017; 1 ; MASCULINO ; NOITE ; ATROPELAMENTO ; PEDESTRE ; 50-54 ; -23.355465323794 ; -47.3090336539287 ;;;;;;;;;;;;;;;;;;;;;;;;;;;;
Itu; Itu ;2017; 1 ; MASCULINO ; TARDE ; ATROPELAMENTO ; PEDESTRE ; Não Disponível ; Não Disponível ; Não Disponível ;;;;;;;;;;;;;;;;;;;;;;;;;;;;
Jaboticabal; Jaboticabal ;2017; 1 ; MASCULINO ; MANHÃ ; OUTROS ; MOTOCICLETA ; 60-64 ; -21.141330000 ; -48.385000000 ;;;;;;;;;;;;;;;;;;;;;;;;;;;;
Jacarei; Jacarei ;2017; 1 ; MASCULINO ; NOITE ; COLISÃO ; MOTOCICLETA ; 18-24 ; -23.303117 ; -45.964191 ;;;;;;;;;;;;;;;;;;;;;;;;;;;;
Jacarei; Jacarei ;2017; 1 ; MASCULINO ; TARDE ; OUTROS ; BICICLETA ; 18-24 ; -23.3064085012857 ; -45.9730939938571 ;;;;;;;;;;;;;;;;;;;;;;;;;;;;
Jaguariuna; Jaguariuna ;2017; 1 ; MASCULINO ; NOITE ; ATROPELAMENTO ; PEDESTRE ; 18-24 ; -22.6946429304522 ; -47.0125576320264 ;;;;;;;;;;;;;;;;;;;;;;;;;;;;
Jandira; Jandira ;2017; 1 ; MASCULINO ; TARDE ; ATROPELAMENTO ; PEDESTRE ; 60-64 ; -23.5343311986744 ; -46.9042657093255 ;;;;;;;;;;;;;;;;;;;;;;;;;;;;
Jau; Jau ;2017; 1 ; FEMININO ; TARDE ; COLISÃO ; AUTOMÓVEL ; 18-24 ; -22.3458339801228 ; -48.5723723140773 ;;;;;;;;;;;;;;;;;;;;;;;;;;;;
Jau; Jau ;2017; 1 ; MASCULINO ; TARDE ; COLISÃO ; AUTOMÓVEL ; 18-24 ; -22.3458339801228 ; -48.5723723140773 ;;;;;;;;;;;;;;;;;;;;;;;;;;;;
Jau; Jau ;2017; 1 ; MASCULINO ; TARDE ; COLISÃO ; AUTOMÓVEL ; 35-39 ; -22.2561645345156 ; -48.5562478964737 ;;;;;;;;;;;;;;;;;;;;;;;;;;;;
Jau; Jau ;2017; 1 ; MASCULINO ; TARDE ; COLISÃO ; MOTOCICLETA ; 50-54 ; -22.286925 ; -48.546297 ;;;;;;;;;;;;;;;;;;;;;;;;;;;;
Joao Ramalho; Joao Ramalho ;2017; 1 ; MASCULINO ; MADRUGADA ; COLISÃO ; AUTOMÓVEL ; 40-44 ; -22.2571292071619 ; -50.7634530613372 ;;;;;;;;;;;;;;;;;;;;;;;;;;;;
Jundiai; Jundiai ;2017; 1 ; FEMININO ; MANHÃ ; ATROPELAMENTO ; PEDESTRE ; 70-74 ; -23.187420 ; -46.887967 ;;;;;;;;;;;;;;;;;;;;;;;;;;;;
Jundiai; Jundiai ;2017; 1 ; MASCULINO ; MADRUGADA ; OUTROS ; AUTOMÓVEL ; 30-34 ; -23.163150481 ; -46.877351187 ;;;;;;;;;;;;;;;;;;;;;;;;;;;;
Jundiai; Jundiai ;2017; 1 ; MASCULINO ; MANHÃ ; ATROPELAMENTO ; PEDESTRE ; 50-54 ; -23.189681 ; -46.888910 ;;;;;;;;;;;;;;;;;;;;;;;;;;;;
Jundiai; Jundiai ;2017; 1 ; MASCULINO ; NOITE ; NÃO DISPONÍVEL ; MOTOCICLETA ; 35-39 ; -23.1268815030717 ; -46.8239353430527 ;;;;;;;;;;;;;;;;;;;;;;;;;;;;
Jundiai; Jundiai ;2017; 1 ; MASCULINO ; TARDE ; CHOQUE ; AUTOMÓVEL ; 18-24 ; -23.203516738 ; -46.869365692 ;;;;;;;;;;;;;;;;;;;;;;;;;;;;
Jundiai; Jundiai ;2017; 1 ; MASCULINO ; TARDE ; COLISÃO ; MOTOCICLETA ; 18-24 ; -23.1892909431145 ; -46.9859313709834 ;;;;;;;;;;;;;;;;;;;;;;;;;;;;
Juquia; Juquia ;2017; 1 ; MASCULINO ; NOITE ; ATROPELAMENTO ; PEDESTRE ; 0-17 ; -24.3322971163188 ; -47.6068318743798 ;;;;;;;;;;;;;;;;;;;;;;;;;;;;
Juquitiba; Juquitiba ;2017; 1 ; FEMININO ; TARDE ; ATROPELAMENTO ; PEDESTRE ; 55-59 ; Não Disponível ; Não Disponível ;;;;;;;;;;;;;;;;;;;;;;;;;;;;
Limeira; Limeira ;2017; 1 ; FEMININO ; NOITE ; ATROPELAMENTO ; PEDESTRE ; 40-44 ; -22.578252925 ; -47.366668582 ;;;;;;;;;;;;;;;;;;;;;;;;;;;;
Limeira; Limeira ;2017; 1 ; MASCULINO ; MADRUGADA ; ATROPELAMENTO ; PEDESTRE ; 0-17 ; -22.554919 ; -47.412518 ;;;;;;;;;;;;;;;;;;;;;;;;;;;;
Limeira; Limeira ;2017; 1 ; MASCULINO ; MADRUGADA ; NÃO DISPONÍVEL ; MOTOCICLETA ; 45-49 ; -22.543648 ; -47.404018 ;;;;;;;;;;;;;;;;;;;;;;;;;;;;
Limeira; Limeira ;2017; 1 ; MASCULINO ; MANHÃ ; COLISÃO ; MOTOCICLETA ; 50-54 ; -22.556303 ; -47.411092 ;;;;;;;;;;;;;;;;;;;;;;;;;;;;
Lins; Lins ;2017; 1 ; MASCULINO ; MADRUGADA ; COLISÃO ; MOTOCICLETA ; 35-39 ; -21.6798443906785 ; -49.7696933655982 ;;;;;;;;;;;;;;;;;;;;;;;;;;;;
Lins; Lins ;2017; 1 ; MASCULINO ; NOITE ; ATROPELAMENTO ; PEDESTRE ; 0-17 ; -21.6935745552848 ; -49.7526750898292 ;;;;;;;;;;;;;;;;;;;;;;;;;;;;
Mairinque; Mairinque ;2017; 1 ; MASCULINO ; TARDE ; COLISÃO ; AUTOMÓVEL ; 30-34 ; -23.5303281779797 ; -47.2332530738859 ;;;;;;;;;;;;;;;;;;;;;;;;;;;;
Mairipora; Mairipora ;2017; 1 ; MASCULINO ; TARDE ; ATROPELAMENTO ; PEDESTRE ; 50-54 ; -23.292736822654 ; -46.5735926261516 ;;;;;;;;;;;;;;;;;;;;;;;;;;;;
Mairipora; Mairipora ;2017; 1 ; MASCULINO ; TARDE ; COLISÃO ; MOTOCICLETA ; 18-24 ; -23.297391 ; -46.568853 ;;;;;;;;;;;;;;;;;;;;;;;;;;;;
Manduri; Manduri ;2017; 1 ; MASCULINO ; TARDE ; COLISÃO ; AUTOMÓVEL ; 25-29 ; -23.015176 ; -49.269965 ;;;;;;;;;;;;;;;;;;;;;;;;;;;;
Marilia; Marilia ;2017; 1 ; MASCULINO ; TARDE ; ATROPELAMENTO ; PEDESTRE ; 70-74 ; Não Disponível ; Não Disponível ;;;;;;;;;;;;;;;;;;;;;;;;;;;;
Marilia; Marilia ;2017; 1 ; MASCULINO ; TARDE ; ATROPELAMENTO ; PEDESTRE ; 75-79 ; -22.245454 ; -49.928513 ;;;;;;;;;;;;;;;;;;;;;;;;;;;;
Martinopolis; Martinopolis ;2017; 1 ; FEMININO ; NOITE ; ATROPELAMENTO ; PEDESTRE ; 70-74 ; Não Disponível ; Não Disponível ;;;;;;;;;;;;;;;;;;;;;;;;;;;;
Martinopolis; Martinopolis ;2017; 1 ; MASCULINO ; NOITE ; COLISÃO ; AUTOMÓVEL ; 80 ou mais ; -22.200138 ; -51.184318 ;;;;;;;;;;;;;;;;;;;;;;;;;;;;
Maua; Maua ;2017; 1 ; FEMININO ; MADRUGADA ; ATROPELAMENTO ; PEDESTRE ; Não Disponível ; -23.711062876 ; -46.4836652879999 ;;;;;;;;;;;;;;;;;;;;;;;;;;;;
Meridiano; Meridiano ;2017; 1 ; MASCULINO ; MADRUGADA ; ATROPELAMENTO ; PEDESTRE ; 65-69 ; -20.3542131307414 ; -50.0998961244199 ;;;;;;;;;;;;;;;;;;;;;;;;;;;;
Mineiros do Tiete; Mineiros do Tiete ;2017; 1 ; MASCULINO ; NOITE ; COLISÃO ; AUTOMÓVEL ; 50-54 ; -22.3905736725012 ; -48.4156395206483 ;;;;;;;;;;;;;;;;;;;;;;;;;;;;
Miracatu; Miracatu ;2017; 1 ; MASCULINO ; MANHÃ ; CHOQUE ; MOTOCICLETA ; 40-44 ; -24.2706139955176 ; -47.4011029315388 ;;;;;;;;;;;;;;;;;;;;;;;;;;;;
Mococa; Mococa ;2017; 1 ; MASCULINO ; MANHÃ ; ATROPELAMENTO ; PEDESTRE ; 80 ou mais ; -21.475899 ; -46.998196 ;;;;;;;;;;;;;;;;;;;;;;;;;;;;
Mococa; Mococa ;2017; 1 ; MASCULINO ; NOITE ; CHOQUE ; MOTOCICLETA ; 40-44 ; -21.461436 ; -47.010102 ;;;;;;;;;;;;;;;;;;;;;;;;;;;;
Mogi das Cruzes; Mogi das Cruzes ;2017; 1 ; MASCULINO ; MADRUGADA ; COLISÃO ; BICICLETA ; 18-24 ; -23.4973049262332 ; -46.2252854597681 ;;;;;;;;;;;;;;;;;;;;;;;;;;;;
Mogi das Cruzes; Mogi das Cruzes ;2017; 1 ; MASCULINO ; Não Disponível ; ATROPELAMENTO ; PEDESTRE ; 70-74 ; Não Disponível ; Não Disponível ;;;;;;;;;;;;;;;;;;;;;;;;;;;;
Mogi das Cruzes; Mogi das Cruzes ;2017; 1 ; MASCULINO ; TARDE ; COLISÃO ; AUTOMÓVEL ; 55-59 ; -23.6606722308029 ; -46.235795582156 ;;;;;;;;;;;;;;;;;;;;;;;;;;;;
Mogi Guacu; Mogi Guacu ;2017; 1 ; MASCULINO ; NOITE ; COLISÃO ; MOTOCICLETA ; 25-29 ; -22.3546079881303 ; -46.9625460496885 ;;;;;;;;;;;;;;;;;;;;;;;;;;;;
Mogi Guacu; Mogi Guacu ;2017; 1 ; MASCULINO ; TARDE ; COLISÃO ; MOTOCICLETA ; 35-39 ; -22.319981 ; -46.961624 ;;;;;;;;;;;;;;;;;;;;;;;;;;;;
Mogi Mirim; Mogi Mirim ;2017; 1 ; FEMININO ; NOITE ; CHOQUE ; AUTOMÓVEL ; 25-29 ; -22.455413029119 ; -46.9185537056334 ;;;;;;;;;;;;;;;;;;;;;;;;;;;;
Monte Aprazivel; Monte Aprazivel ;2017; 1 ; MASCULINO ; MADRUGADA ; COLISÃO ; MOTOCICLETA ; 35-39 ; -20.7082637218629 ; -49.8953153018575 ;;;;;;;;;;;;;;;;;;;;;;;;;;;;
Monte Mor; Monte Mor ;2017; 1 ; FEMININO ; NOITE ; COLISÃO ; AUTOMÓVEL ; 40-44 ; -22.9431067283577 ; -47.2608961149422 ;;;;;;;;;;;;;;;;;;;;;;;;;;;;
Monte Mor; Monte Mor ;2017; 1 ; MASCULINO ; NOITE ; ATROPELAMENTO ; PEDESTRE ; 50-54 ; -22.948893 ; -47.316550 ;;;;;;;;;;;;;;;;;;;;;;;;;;;;
Monte Mor; Monte Mor ;2017; 1 ; MASCULINO ; TARDE ; COLISÃO ; MOTOCICLETA ; 18-24 ; -22.977968 ; -47.318149 ;;;;;;;;;;;;;;;;;;;;;;;;;;;;
Nazare Paulista; Nazare Paulista ;2017; 1 ; MASCULINO ; Não Disponível ; ATROPELAMENTO ; PEDESTRE ; 45-49 ; Não Disponível ; Não Disponível ;;;;;;;;;;;;;;;;;;;;;;;;;;;;
Olimpia; Olimpia ;2017; 1 ; FEMININO ; MANHÃ ; COLISÃO ; AUTOMÓVEL ; 65-69 ; -20.6733047816197 ; -48.8808553296782 ;;;;;;;;;;;;;;;;;;;;;;;;;;;;
Olimpia; Olimpia ;2017; 1 ; MASCULINO ; MANHÃ ; COLISÃO ; AUTOMÓVEL ; 65-69 ; -20.6733047816197 ; -48.8808553296782 ;;;;;;;;;;;;;;;;;;;;;;;;;;;;
Olimpia; Olimpia ;2017; 1 ; MASCULINO ; MANHÃ ; COLISÃO ; BICICLETA ; 45-49 ; -20.704501969 ; -48.912308166 ;;;;;;;;;;;;;;;;;;;;;;;;;;;;
Osasco; Osasco ;2017; 1 ; MASCULINO ; MANHÃ ; ATROPELAMENTO ; PEDESTRE ; 55-59 ; -23.555823 ; -46.779538 ;;;;;;;;;;;;;;;;;;;;;;;;;;;;
Ourinhos; Ourinhos ;2017; 1 ; MASCULINO ; NOITE ; COLISÃO ; MOTOCICLETA ; 18-24 ; -22.9714230401886 ; -49.8693984415848 ;;;;;;;;;;;;;;;;;;;;;;;;;;;;
Palmares Paulista; Palmares Paulista ;2017; 1 ; MASCULINO ; NOITE ; ATROPELAMENTO ; PEDESTRE ; Não Disponível ; -21.0841840763333 ; -48.8044652134999 ;;;;;;;;;;;;;;;;;;;;;;;;;;;;
Palmares Paulista; Palmares Paulista ;2017; 1 ; NÃO DISPONÍVEL ; NOITE ; CHOQUE ; AUTOMÓVEL ; 18-24 ; -21.121055565 ; -48.838229885 ;;;;;;;;;;;;;;;;;;;;;;;;;;;;
Palmital; Palmital ;2017; 1 ; MASCULINO ; NOITE ; OUTROS ; MOTOCICLETA ; 18-24 ; -22.769130 ; -50.214740 ;;;;;;;;;;;;;;;;;;;;;;;;;;;;
Paraguacu Paulista; Paraguacu Paulista ;2017; 1 ; MASCULINO ; MADRUGADA ; OUTROS ; AUTOMÓVEL ; 25-29 ; -22.338798 ; -50.561472 ;;;;;;;;;;;;;;;;;;;;;;;;;;;;
Pereiras; Pereiras ;2017; 1 ; MASCULINO ; MADRUGADA ; ATROPELAMENTO ; PEDESTRE ; 30-34 ; -23.0612763656557 ; -47.9674137097517 ;;;;;;;;;;;;;;;;;;;;;;;;;;;;
Pilar do Sul; Pilar do Sul ;2017; 1 ; MASCULINO ; NOITE ; CHOQUE ; MOTOCICLETA ; 40-44 ; -23.794365 ; -47.741599 ;;;;;;;;;;;;;;;;;;;;;;;;;;;;
Pindamonhangaba; Pindamonhangaba ;2017; 1 ; MASCULINO ; NOITE ; COLISÃO ; BICICLETA ; 55-59 ; -22.9414001 ; -45.471981641 ;;;;;;;;;;;;;;;;;;;;;;;;;;;;
Pindamonhangaba; Pindamonhangaba ;2017; 1 ; MASCULINO ; TARDE ; CHOQUE ; MOTOCICLETA ; 50-54 ; -22.8901164654117 ; -45.3788279993462 ;;;;;;;;;;;;;;;;;;;;;;;;;;;;
Piracicaba; Piracicaba ;2017; 1 ; MASCULINO ; NOITE ; CHOQUE ; MOTOCICLETA ; 18-24 ; -22.742041 ; -47.675751 ;;;;;;;;;;;;;;;;;;;;;;;;;;;;
Piracicaba; Piracicaba ;2017; 1 ; MASCULINO ; NOITE ; COLISÃO ; MOTOCICLETA ; 35-39 ; -22.694565 ; -47.670482 ;;;;;;;;;;;;;;;;;;;;;;;;;;;;
Piracicaba; Piracicaba ;2017; 1 ; MASCULINO ; NOITE ; NÃO DISPONÍVEL ; NÃO DISPONÍVEL ; 25-29 ; Não Disponível ; Não Disponível ;;;;;;;;;;;;;;;;;;;;;;;;;;;;
Piracicaba; Piracicaba ;2017; 1 ; MASCULINO ; NOITE ; OUTROS ; MOTOCICLETA ; 0-17 ; -22.696199 ; -47.671693 ;;;;;;;;;;;;;;;;;;;;;;;;;;;;
Piracicaba; Piracicaba ;2017; 1 ; MASCULINO ; TARDE ; NÃO DISPONÍVEL ; NÃO DISPONÍVEL ; 35-39 ; Não Disponível ; Não Disponível ;;;;;;;;;;;;;;;;;;;;;;;;;;;;
Pirassununga; Pirassununga ;2017; 1 ; MASCULINO ; MADRUGADA ; COLISÃO ; MOTOCICLETA ; 18-24 ; -22.005657 ; -47.409082 ;;;;;;;;;;;;;;;;;;;;;;;;;;;;
Pirassununga; Pirassununga ;2017; 1 ; MASCULINO ; NOITE ; ATROPELAMENTO ; PEDESTRE ; 40-44 ; -22.026500000 ; -47.436200000 ;;;;;;;;;;;;;;;;;;;;;;;;;;;;
Pirassununga; Pirassununga ;2017; 1 ; MASCULINO ; TARDE ; ATROPELAMENTO ; PEDESTRE ; 75-79 ; -22.0091232487184 ; -47.3621550627064 ;;;;;;;;;;;;;;;;;;;;;;;;;;;;
Pirassununga; Pirassununga ;2017; 1 ; MASCULINO ; TARDE ; COLISÃO ; MOTOCICLETA ; 40-44 ; -22.005608 ; -47.422793 ;;;;;;;;;;;;;;;;;;;;;;;;;;;;
Praia Grande; Praia Grande ;2017; 1 ; FEMININO ; MADRUGADA ; CHOQUE ; MOTOCICLETA ; 0-17 ; -24.022514 ; -46.483143 ;;;;;;;;;;;;;;;;;;;;;;;;;;;;
Praia Grande; Praia Grande ;2017; 1 ; MASCULINO ; MANHÃ ; COLISÃO ; MOTOCICLETA ; 18-24 ; -24.029890 ; -46.516253 ;;;;;;;;;;;;;;;;;;;;;;;;;;;;
Praia Grande; Praia Grande ;2017; 1 ; MASCULINO ; MANHÃ ; COLISÃO ; MOTOCICLETA ; 30-34 ; -24.025245429 ; -46.492883798 ;;;;;;;;;;;;;;;;;;;;;;;;;;;;
Praia Grande; Praia Grande ;2017; 1 ; MASCULINO ; NOITE ; ATROPELAMENTO ; PEDESTRE ; 40-44 ; -24.0822012968482 ; -46.6006646943646 ;;;;;;;;;;;;;;;;;;;;;;;;;;;;
Praia Grande; Praia Grande ;2017; 1 ; MASCULINO ; NOITE ; COLISÃO ; BICICLETA ; 50-54 ; -24.0229006167614 ; -46.5050503083092 ;;;;;;;;;;;;;;;;;;;;;;;;;;;;
Praia Grande; Praia Grande ;2017; 1 ; MASCULINO ; NOITE ; NÃO DISPONÍVEL ; MOTOCICLETA ; 50-54 ; -24.030916 ; -46.524347 ;;;;;;;;;;;;;;;;;;;;;;;;;;;;
Praia Grande; Praia Grande ;2017; 1 ; MASCULINO ; TARDE ; COLISÃO ; MOTOCICLETA ; 35-39 ; -23.999072 ; -46.448693 ;;;;;;;;;;;;;;;;;;;;;;;;;;;;
Presidente Epitacio; Presidente Epitacio ;2017; 1 ; MASCULINO ; NOITE ; COLISÃO ; AUTOMÓVEL ; 60-64 ; -21.774242 ; -52.118556 ;;;;;;;;;;;;;;;;;;;;;;;;;;;;
Reginopolis; Reginopolis ;2017; 1 ; FEMININO ; Não Disponível ; NÃO DISPONÍVEL ; NÃO DISPONÍVEL ; 70-74 ; Não Disponível ; Não Disponível ;;;;;;;;;;;;;;;;;;;;;;;;;;;;
Registro; Registro ;2017; 1 ; MASCULINO ; TARDE ; ATROPELAMENTO ; PEDESTRE ; 75-79 ; -24.4876516278871 ; -47.8349352012992 ;;;;;;;;;;;;;;;;;;;;;;;;;;;;
Ribeirao Pires; Ribeirao Pires ;2017; 1 ; MASCULINO ; MANHÃ ; ATROPELAMENTO ; PEDESTRE ; 0-17 ; -23.682150 ; -46.349492 ;;;;;;;;;;;;;;;;;;;;;;;;;;;;
Ribeirao Pires; Ribeirao Pires ;2017; 1 ; MASCULINO ; MANHÃ ; ATROPELAMENTO ; PEDESTRE ; 75-79 ; -23.707948 ; -46.416786 ;;;;;;;;;;;;;;;;;;;;;;;;;;;;
Ribeirao Pires; Ribeirao Pires ;2017; 1 ; MASCULINO ; NOITE ; NÃO DISPONÍVEL ; NÃO DISPONÍVEL ; 75-79 ; -23.694438 ; -46.396574 ;;;;;;;;;;;;;;;;;;;;;;;;;;;;
Ribeirao Preto; Ribeirao Preto ;2017; 1 ; FEMININO ; NOITE ; COLISÃO ; MOTOCICLETA ; 35-39 ; -21.156972 ; -47.824049 ;;;;;;;;;;;;;;;;;;;;;;;;;;;;
Ribeirao Preto; Ribeirao Preto ;2017; 1 ; FEMININO ; NOITE ; COLISÃO ; NÃO DISPONÍVEL ; 60-64 ; -21.170590 ; -47.808787 ;;;;;;;;;;;;;;;;;;;;;;;;;;;;
Ribeirao Preto; Ribeirao Preto ;2017; 1 ; MASCULINO ; MANHÃ ; CHOQUE ; MOTOCICLETA ; 25-29 ; -21.131477 ; -47.742225 ;;;;;;;;;;;;;;;;;;;;;;;;;;;;
Ribeirao Preto; Ribeirao Preto ;2017; 1 ; MASCULINO ; MANHÃ ; COLISÃO ; CAMINHÃO ; 50-54 ; -21.0993925236782 ; -47.7616865984829 ;;;;;;;;;;;;;;;;;;;;;;;;;;;;
Ribeirao Preto; Ribeirao Preto ;2017; 1 ; MASCULINO ; NOITE ; ATROPELAMENTO ; PEDESTRE ; 35-39 ; -21.1093650589794 ; -47.7731884088355 ;;;;;;;;;;;;;;;;;;;;;;;;;;;;
Ribeirao Preto; Ribeirao Preto ;2017; 1 ; MASCULINO ; NOITE ; COLISÃO ; BICICLETA ; 55-59 ; -21.206301 ; -47.749715 ;;;;;;;;;;;;;;;;;;;;;;;;;;;;
Ribeirao Preto; Ribeirao Preto ;2017; 1 ; MASCULINO ; NOITE ; NÃO DISPONÍVEL ; NÃO DISPONÍVEL ; 45-49 ; Não Disponível ; Não Disponível ;;;;;;;;;;;;;;;;;;;;;;;;;;;;
Ribeirao Preto; Ribeirao Preto ;2017; 1 ; MASCULINO ; NOITE ; OUTROS ; BICICLETA ; 60-64 ; -21.173778 ; -47.858306 ;;;;;;;;;;;;;;;;;;;;;;;;;;;;
Rio Claro; Rio Claro ;2017; 1 ; MASCULINO ; Não Disponível ; NÃO DISPONÍVEL ; NÃO DISPONÍVEL ; 50-54 ; Não Disponível ; Não Disponível ;;;;;;;;;;;;;;;;;;;;;;;;;;;;
Rio Claro; Rio Claro ;2017; 1 ; MASCULINO ; TARDE ; ATROPELAMENTO ; PEDESTRE ; 35-39 ; -22.418646 ; -47.574842 ;;;;;;;;;;;;;;;;;;;;;;;;;;;;
Salto; Salto ;2017; 1 ; MASCULINO ; MANHÃ ; ATROPELAMENTO ; PEDESTRE ; Não Disponível ; -23.179638346235 ; -47.2828789660015 ;;;;;;;;;;;;;;;;;;;;;;;;;;;;
Salto; Salto ;2017; 1 ; MASCULINO ; TARDE ; CHOQUE ; AUTOMÓVEL ; 25-29 ; -23.211355 ; -47.302367 ;;;;;;;;;;;;;;;;;;;;;;;;;;;;
Salto de Pirapora; Salto de Pirapora ;2017; 1 ; FEMININO ; NOITE ; COLISÃO ; AUTOMÓVEL ; 45-49 ; -23.6661332587163 ; -47.5993686289837 ;;;;;;;;;;;;;;;;;;;;;;;;;;;;
Salto de Pirapora; Salto de Pirapora ;2017; 1 ; FEMININO ; NOITE ; COLISÃO ; AUTOMÓVEL ; 60-64 ; -23.6661332587163 ; -47.5993686289837 ;;;;;;;;;;;;;;;;;;;;;;;;;;;;
Salto de Pirapora; Salto de Pirapora ;2017; 1 ; MASCULINO ; NOITE ; COLISÃO ; AUTOMÓVEL ; 50-54 ; -23.6661332587163 ; -47.5993686289837 ;;;;;;;;;;;;;;;;;;;;;;;;;;;;
Salto de Pirapora; Salto de Pirapora ;2017; 1 ; MASCULINO ; NOITE ; NÃO DISPONÍVEL ; MOTOCICLETA ; 40-44 ; -23.658486 ; -47.583357 ;;;;;;;;;;;;;;;;;;;;;;;;;;;;
Santa Barbara d'Oeste; Santa Barbara d'Oeste ;2017; 1 ; FEMININO ; NOITE ; COLISÃO ; AUTOMÓVEL ; 0-17 ; -22.785592000 ; -47.427573000 ;;;;;;;;;;;;;;;;;;;;;;;;;;;;
Santa Barbara d'Oeste; Santa Barbara d'Oeste ;2017; 1 ; MASCULINO ; NOITE ; COLISÃO ; MOTOCICLETA ; 35-39 ; -22.7633052626295 ; -47.3737410532925 ;;;;;;;;;;;;;;;;;;;;;;;;;;;;
Santa Barbara d'Oeste; Santa Barbara d'Oeste ;2017; 1 ; MASCULINO ; TARDE ; COLISÃO ; MOTOCICLETA ; 18-24 ; -22.7499156466027 ; -47.4636772884479 ;;;;;;;;;;;;;;;;;;;;;;;;;;;;
Santa Cruz da Conceicao; Santa Cruz da Conceicao ;2017; 1 ; FEMININO ; MADRUGADA ; CHOQUE ; MOTOCICLETA ; 18-24 ; -22.113918761 ; -47.432026884 ;;;;;;;;;;;;;;;;;;;;;;;;;;;;
Santa Cruz do Rio Pardo; Santa Cruz do Rio Pardo ;2017; 1 ; MASCULINO ; MADRUGADA ; OUTROS ; AUTOMÓVEL ; 40-44 ; -22.8695513641887 ; -49.5938661427325 ;;;;;;;;;;;;;;;;;;;;;;;;;;;;
Santa Isabel; Santa Isabel ;2017; 1 ; MASCULINO ; MANHÃ ; NÃO DISPONÍVEL ; NÃO DISPONÍVEL ; 30-34 ; -23.308154 ; -46.231683 ;;;;;;;;;;;;;;;;;;;;;;;;;;;;
Santa Rita do Passa Quatro; Santa Rita do Passa Quatro ;2017; 1 ; MASCULINO ; NOITE ; CHOQUE ; AUTOMÓVEL ; 50-54 ; -21.6987488637442 ; -47.4898010636744 ;;;;;;;;;;;;;;;;;;;;;;;;;;;;
Santana de Parnaiba; Santana de Parnaiba ;2017; 1 ; MASCULINO ; NOITE ; OUTROS ; MOTOCICLETA ; 25-29 ; -23.4850818715439 ; -46.9927471768226 ;;;;;;;;;;;;;;;;;;;;;;;;;;;;
Santo Anastacio; Santo Anastacio ;2017; 1 ; MASCULINO ; TARDE ; ATROPELAMENTO ; PEDESTRE ; 80 ou mais ; -21.971532 ; -51.647578 ;;;;;;;;;;;;;;;;;;;;;;;;;;;;
Santo Andre; Santo Andre ;2017; 1 ; FEMININO ; NOITE ; ATROPELAMENTO ; PEDESTRE ; 50-54 ; -23.665441 ; -46.530837 ;;;;;;;;;;;;;;;;;;;;;;;;;;;;
Santo Andre; Santo Andre ;2017; 1 ; MASCULINO ; NOITE ; COLISÃO ; MOTOCICLETA ; 25-29 ; -23.6569278783144 ; -46.5549727444517 ;;;;;;;;;;;;;;;;;;;;;;;;;;;;
Santo Andre; Santo Andre ;2017; 1 ; MASCULINO ; TARDE ; ATROPELAMENTO ; PEDESTRE ; Não Disponível ; Não Disponível ; Não Disponível ;;;;;;;;;;;;;;;;;;;;;;;;;;;;
Santopolis do Aguapei; Santopolis do Aguapei ;2017; 1 ; MASCULINO ; MANHÃ ; CHOQUE ; AUTOMÓVEL ; 55-59 ; -21.641863 ; -50.500785 ;;;;;;;;;;;;;;;;;;;;;;;;;;;;
Santos; Santos ;2017; 1 ; FEMININO ; MADRUGADA ; NÃO DISPONÍVEL ; NÃO DISPONÍVEL ; 18-24 ; Não Disponível ; Não Disponível ;;;;;;;;;;;;;;;;;;;;;;;;;;;;
Santos; Santos ;2017; 1 ; MASCULINO ; MADRUGADA ; COLISÃO ; MOTOCICLETA ; 50-54 ; -23.8970471151726 ; -46.2603269195998 ;;;;;;;;;;;;;;;;;;;;;;;;;;;;
Santos; Santos ;2017; 1 ; MASCULINO ; MANHÃ ; ATROPELAMENTO ; PEDESTRE ; 75-79 ; -23.951608 ; -46.367501 ;;;;;;;;;;;;;;;;;;;;;;;;;;;;
Santos; Santos ;2017; 1 ; MASCULINO ; MANHÃ ; COLISÃO ; AUTOMÓVEL ; 35-39 ; -23.8957113607321 ; -46.2155605044738 ;;;;;;;;;;;;;;;;;;;;;;;;;;;;
Santos; Santos ;2017; 1 ; MASCULINO ; MANHÃ ; OUTROS ; BICICLETA ; 35-39 ; Não Disponível ; Não Disponível ;;;;;;;;;;;;;;;;;;;;;;;;;;;;
Santos; Santos ;2017; 1 ; MASCULINO ; Não Disponível ; NÃO DISPONÍVEL ; MOTOCICLETA ; 35-39 ; Não Disponível ; Não Disponível ;;;;;;;;;;;;;;;;;;;;;;;;;;;;
SAO BENTO DO SAPUCAI; SAO BENTO DO SAPUCAI ;2017; 1 ; MASCULINO ; Não Disponível ; ATROPELAMENTO ; PEDESTRE ; 30-34 ; -22.768578 ;  -45.70578 ;;;;;;;;;;;;;;;;;;;;;;;;;;;;
Sao Bernardo do Campo; Sao Bernardo do Campo ;2017; 1 ; FEMININO ; MANHÃ ; CHOQUE ; MOTOCICLETA ; 0-17 ; -23.758642 ; -46.585029 ;;;;;;;;;;;;;;;;;;;;;;;;;;;;
Sao Bernardo do Campo; Sao Bernardo do Campo ;2017; 1 ; FEMININO ; NOITE ; COLISÃO ; MOTOCICLETA ; 18-24 ; -23.9057362103289 ; -46.5594707295112 ;;;;;;;;;;;;;;;;;;;;;;;;;;;;
Sao Bernardo do Campo; Sao Bernardo do Campo ;2017; 1 ; MASCULINO ; MADRUGADA ; CHOQUE ; MOTOCICLETA ; 25-29 ; -23.7768808475589 ; -46.5282321951768 ;;;;;;;;;;;;;;;;;;;;;;;;;;;;
Sao Bernardo do Campo; Sao Bernardo do Campo ;2017; 1 ; MASCULINO ; MANHÃ ; COLISÃO ; MOTOCICLETA ; 18-24 ; -23.719530 ; -46.536747 ;;;;;;;;;;;;;;;;;;;;;;;;;;;;
Sao Bernardo do Campo; Sao Bernardo do Campo ;2017; 1 ; MASCULINO ; MANHÃ ; NÃO DISPONÍVEL ; MOTOCICLETA ; 45-49 ; -23.70121785 ; -46.576910714 ;;;;;;;;;;;;;;;;;;;;;;;;;;;;
Sao Bernardo do Campo; Sao Bernardo do Campo ;2017; 1 ; MASCULINO ; Não Disponível ; NÃO DISPONÍVEL ; NÃO DISPONÍVEL ; 40-44 ; Não Disponível ; Não Disponível ;;;;;;;;;;;;;;;;;;;;;;;;;;;;
Sao Bernardo do Campo; Sao Bernardo do Campo ;2017; 1 ; MASCULINO ; NOITE ; ATROPELAMENTO ; PEDESTRE ; 35-39 ; -23.7567709136489 ; -46.5655179519944 ;;;;;;;;;;;;;;;;;;;;;;;;;;;;
Sao Bernardo do Campo; Sao Bernardo do Campo ;2017; 1 ; MASCULINO ; NOITE ; COLISÃO ; AUTOMÓVEL ; 40-44 ; -23.76136946496 ; -46.5737801998475 ;;;;;;;;;;;;;;;;;;;;;;;;;;;;
Sao Bernardo do Campo; Sao Bernardo do Campo ;2017; 1 ; MASCULINO ; NOITE ; COLISÃO ; MOTOCICLETA ; 25-29 ; -23.9057362103289 ; -46.5594707295112 ;;;;;;;;;;;;;;;;;;;;;;;;;;;;
Sao Bernardo do Campo; Sao Bernardo do Campo ;2017; 1 ; MASCULINO ; NOITE ; COLISÃO ; MOTOCICLETA ; 40-44 ; -23.845543249 ; -46.576095095 ;;;;;;;;;;;;;;;;;;;;;;;;;;;;
Sao Bernardo do Campo; Sao Bernardo do Campo ;2017; 1 ; MASCULINO ; NOITE ; OUTROS ; MOTOCICLETA ; 60-64 ; -23.6947148263993 ; -46.5634029951569 ;;;;;;;;;;;;;;;;;;;;;;;;;;;;
Sao Caetano do Sul; Sao Caetano do Sul ;2017; 1 ; MASCULINO ; MADRUGADA ; CHOQUE ; MOTOCICLETA ; 18-24 ; -23.633091 ; -46.580692 ;;;;;;;;;;;;;;;;;;;;;;;;;;;;
Sao Carlos; Sao Carlos ;2017; 1 ; MASCULINO ; MADRUGADA ; COLISÃO ; AUTOMÓVEL ; 40-44 ; -22.066810000 ; -47.847750000 ;;;;;;;;;;;;;;;;;;;;;;;;;;;;
Sao Carlos; Sao Carlos ;2017; 1 ; MASCULINO ; NOITE ; NÃO DISPONÍVEL ; MOTOCICLETA ; 18-24 ; -22.045815 ; -47.891302 ;;;;;;;;;;;;;;;;;;;;;;;;;;;;
Sao Carlos; Sao Carlos ;2017; 1 ; MASCULINO ; TARDE ; COLISÃO ; MOTOCICLETA ; 18-24 ; -22.061682 ; -47.902667 ;;;;;;;;;;;;;;;;;;;;;;;;;;;;
Sao Joaquim da Barra; Sao Joaquim da Barra ;2017; 1 ; FEMININO ; TARDE ; COLISÃO ; MOTOCICLETA ; 30-34 ; -20.588054 ; -47.869564 ;;;;;;;;;;;;;;;;;;;;;;;;;;;;
Sao Jose do Rio Pardo; Sao Jose do Rio Pardo ;2017; 1 ; MASCULINO ; NOITE ; ATROPELAMENTO ; PEDESTRE ; 80 ou mais ; Não Disponível ; Não Disponível ;;;;;;;;;;;;;;;;;;;;;;;;;;;;
Sao Jose do Rio Preto; Sao Jose do Rio Preto ;2017; 1 ; FEMININO ; MADRUGADA ; ATROPELAMENTO ; PEDESTRE ; 80 ou mais ; -20.802592 ; -49.394155 ;;;;;;;;;;;;;;;;;;;;;;;;;;;;
Sao Jose do Rio Preto; Sao Jose do Rio Preto ;2017; 1 ; FEMININO ; MANHÃ ; NÃO DISPONÍVEL ; MOTOCICLETA ; 35-39 ; Não Disponível ; Não Disponível ;;;;;;;;;;;;;;;;;;;;;;;;;;;;
Sao Jose do Rio Preto; Sao Jose do Rio Preto ;2017; 1 ; MASCULINO ; MADRUGADA ; ATROPELAMENTO ; PEDESTRE ; 35-39 ; -20.823460000 ; -49.393470000 ;;;;;;;;;;;;;;;;;;;;;;;;;;;;
Sao Jose do Rio Preto; Sao Jose do Rio Preto ;2017; 1 ; MASCULINO ; MADRUGADA ; CHOQUE ; MOTOCICLETA ; 25-29 ; -20.771250 ; -49.367033 ;;;;;;;;;;;;;;;;;;;;;;;;;;;;
Sao Jose do Rio Preto; Sao Jose do Rio Preto ;2017; 1 ; MASCULINO ; MANHÃ ; ATROPELAMENTO ; PEDESTRE ; 75-79 ; -20.814579 ; -49.378632 ;;;;;;;;;;;;;;;;;;;;;;;;;;;;
Sao Jose do Rio Preto; Sao Jose do Rio Preto ;2017; 1 ; MASCULINO ; MANHÃ ; OUTROS ; MOTOCICLETA ; 45-49 ; Não Disponível ; Não Disponível ;;;;;;;;;;;;;;;;;;;;;;;;;;;;
Sao Jose do Rio Preto; Sao Jose do Rio Preto ;2017; 1 ; MASCULINO ; NOITE ; ATROPELAMENTO ; PEDESTRE ; 80 ou mais ; -20.806933 ; -49.389580 ;;;;;;;;;;;;;;;;;;;;;;;;;;;;
Sao Jose do Rio Preto; Sao Jose do Rio Preto ;2017; 1 ; MASCULINO ; NOITE ; COLISÃO ; MOTOCICLETA ; 0-17 ; -20.775855 ; -49.409674 ;;;;;;;;;;;;;;;;;;;;;;;;;;;;
Sao Jose dos Campos; Sao Jose dos Campos ;2017; 1 ; FEMININO ; MANHÃ ; ATROPELAMENTO ; PEDESTRE ; 75-79 ; Não Disponível ; Não Disponível ;;;;;;;;;;;;;;;;;;;;;;;;;;;;
Sao Jose dos Campos; Sao Jose dos Campos ;2017; 1 ; FEMININO ; Não Disponível ; ATROPELAMENTO ; PEDESTRE ; 80 ou mais ; -23.196218 ; -45.883174 ;;;;;;;;;;;;;;;;;;;;;;;;;;;;
Sao Jose dos Campos; Sao Jose dos Campos ;2017; 1 ; FEMININO ; NOITE ; COLISÃO ; AUTOMÓVEL ; 30-34 ; -23.1877786299496 ; -45.8573372133869 ;;;;;;;;;;;;;;;;;;;;;;;;;;;;
Sao Jose dos Campos; Sao Jose dos Campos ;2017; 1 ; FEMININO ; NOITE ; NÃO DISPONÍVEL ; NÃO DISPONÍVEL ; 30-34 ; -23.1877786299496 ; -45.8573372133869 ;;;;;;;;;;;;;;;;;;;;;;;;;;;;
Sao Jose dos Campos; Sao Jose dos Campos ;2017; 1 ; MASCULINO ; MADRUGADA ; COLISÃO ; AUTOMÓVEL ; 65-69 ; -23.087048221444 ; -45.9221124509162 ;;;;;;;;;;;;;;;;;;;;;;;;;;;;
Sao Jose dos Campos; Sao Jose dos Campos ;2017; 1 ; MASCULINO ; MANHÃ ; ATROPELAMENTO ; PEDESTRE ; 80 ou mais ; -23.181107 ; -45.866200 ;;;;;;;;;;;;;;;;;;;;;;;;;;;;
Sao Jose dos Campos; Sao Jose dos Campos ;2017; 1 ; MASCULINO ; MANHÃ ; OUTROS ; AUTOMÓVEL ; 65-69 ; -23.1130304632611 ; -45.916428456449 ;;;;;;;;;;;;;;;;;;;;;;;;;;;;
Sao Jose dos Campos; Sao Jose dos Campos ;2017; 1 ; MASCULINO ; NOITE ; ATROPELAMENTO ; PEDESTRE ; 45-49 ; -23.161651 ; -45.804399 ;;;;;;;;;;;;;;;;;;;;;;;;;;;;
Sao Jose dos Campos; Sao Jose dos Campos ;2017; 1 ; MASCULINO ; NOITE ; CHOQUE ; MOTOCICLETA ; 25-29 ; -23.173701 ; -45.829414 ;;;;;;;;;;;;;;;;;;;;;;;;;;;;
Sao Jose dos Campos; Sao Jose dos Campos ;2017; 1 ; MASCULINO ; TARDE ; ATROPELAMENTO ; PEDESTRE ; 80 ou mais ; Não Disponível ; Não Disponível ;;;;;;;;;;;;;;;;;;;;;;;;;;;;
Sao Jose dos Campos; Sao Jose dos Campos ;2017; 1 ; MASCULINO ; TARDE ; COLISÃO ; AUTOMÓVEL ; 50-54 ; -23.2571809086647 ; -45.801297939678 ;;;;;;;;;;;;;;;;;;;;;;;;;;;;
Sao Jose dos Campos; Sao Jose dos Campos ;2017; 1 ; NÃO DISPONÍVEL ; MADRUGADA ; ATROPELAMENTO ; PEDESTRE ; Não Disponível ; -23.1794496583701 ; -45.8394663944801 ;;;;;;;;;;;;;;;;;;;;;;;;;;;;
Sao Manuel; Sao Manuel ;2017; 1 ; MASCULINO ; MADRUGADA ; ATROPELAMENTO ; PEDESTRE ; 18-24 ; -22.744205 ; -48.573543 ;;;;;;;;;;;;;;;;;;;;;;;;;;;;
Sao Manuel; Sao Manuel ;2017; 1 ; MASCULINO ; TARDE ; ATROPELAMENTO ; PEDESTRE ; 0-17 ; -22.7458393500418 ; -48.5903847509931 ;;;;;;;;;;;;;;;;;;;;;;;;;;;;
Sao Manuel; Sao Manuel ;2017; 1 ; MASCULINO ; TARDE ; ATROPELAMENTO ; PEDESTRE ; 55-59 ; -22.7458393500418 ; -48.5903847509931 ;;;;;;;;;;;;;;;;;;;;;;;;;;;;
Sao Paulo; Sao Paulo ;2017; 1 ; FEMININO ; MANHÃ ; ATROPELAMENTO ; PEDESTRE ; 60-64 ; -23.648039 ; -46.779052 ;;;;;;;;;;;;;;;;;;;;;;;;;;;;
Sao Paulo; Sao Paulo ;2017; 1 ; FEMININO ; MANHÃ ; ATROPELAMENTO ; PEDESTRE ; 60-64 ; -23.604104 ; -46.397218 ;;;;;;;;;;;;;;;;;;;;;;;;;;;;
Sao Paulo; Sao Paulo ;2017; 1 ; FEMININO ; MANHÃ ; ATROPELAMENTO ; PEDESTRE ; 65-69 ; -23.606559 ; -46.502522 ;;;;;;;;;;;;;;;;;;;;;;;;;;;;
Sao Paulo; Sao Paulo ;2017; 1 ; FEMININO ; MANHÃ ; ATROPELAMENTO ; PEDESTRE ; 70-74 ; -23.645160 ; -46.714926 ;;;;;;;;;;;;;;;;;;;;;;;;;;;;
Sao Paulo; Sao Paulo ;2017; 1 ; FEMININO ; MANHÃ ; CHOQUE ; MOTOCICLETA ; 55-59 ; -23.489220 ; -46.413201 ;;;;;;;;;;;;;;;;;;;;;;;;;;;;
Sao Paulo; Sao Paulo ;2017; 1 ; FEMININO ; MANHÃ ; NÃO DISPONÍVEL ; NÃO DISPONÍVEL ; 18-24 ; Não Disponível ; Não Disponível ;;;;;;;;;;;;;;;;;;;;;;;;;;;;
Sao Paulo; Sao Paulo ;2017; 1 ; FEMININO ; Não Disponível ; ATROPELAMENTO ; PEDESTRE ; 70-74 ; Não Disponível ; Não Disponível ;;;;;;;;;;;;;;;;;;;;;;;;;;;;
Sao Paulo; Sao Paulo ;2017; 1 ; FEMININO ; NOITE ; ATROPELAMENTO ; PEDESTRE ; 35-39 ; -23.502909 ; -46.512060 ;;;;;;;;;;;;;;;;;;;;;;;;;;;;
Sao Paulo; Sao Paulo ;2017; 1 ; FEMININO ; NOITE ; ATROPELAMENTO ; PEDESTRE ; 40-44 ; -23.550133 ; -46.573292 ;;;;;;;;;;;;;;;;;;;;;;;;;;;;
Sao Paulo; Sao Paulo ;2017; 1 ; FEMININO ; TARDE ; ATROPELAMENTO ; PEDESTRE ; 55-59 ; -23.486323 ; -46.692790 ;;;;;;;;;;;;;;;;;;;;;;;;;;;;
Sao Paulo; Sao Paulo ;2017; 1 ; FEMININO ; TARDE ; ATROPELAMENTO ; PEDESTRE ; 75-79 ; -23.439278 ; -46.572134 ;;;;;;;;;;;;;;;;;;;;;;;;;;;;
Sao Paulo; Sao Paulo ;2017; 1 ; FEMININO ; TARDE ; CHOQUE ; AUTOMÓVEL ; 65-69 ; -23.675116 ; -46.666088 ;;;;;;;;;;;;;;;;;;;;;;;;;;;;
Sao Paulo; Sao Paulo ;2017; 1 ; FEMININO ; TARDE ; NÃO DISPONÍVEL ; NÃO DISPONÍVEL ; 55-59 ; -23.666250 ; -46.656269 ;;;;;;;;;;;;;;;;;;;;;;;;;;;;
Sao Paulo; Sao Paulo ;2017; 1 ; MASCULINO ; MADRUGADA ; ATROPELAMENTO ; PEDESTRE ; 40-44 ; -23.480960 ; -46.628939 ;;;;;;;;;;;;;;;;;;;;;;;;;;;;
Sao Paulo; Sao Paulo ;2017; 1 ; MASCULINO ; MADRUGADA ; ATROPELAMENTO ; PEDESTRE ; 45-49 ; -23.594169 ; -46.423102 ;;;;;;;;;;;;;;;;;;;;;;;;;;;;
Sao Paulo; Sao Paulo ;2017; 1 ; MASCULINO ; MADRUGADA ; ATROPELAMENTO ; PEDESTRE ; 45-49 ; -23.619317 ; -46.506746 ;;;;;;;;;;;;;;;;;;;;;;;;;;;;
Sao Paulo; Sao Paulo ;2017; 1 ; MASCULINO ; MADRUGADA ; ATROPELAMENTO ; PEDESTRE ; 55-59 ; Não Disponível ; Não Disponível ;;;;;;;;;;;;;;;;;;;;;;;;;;;;
Sao Paulo; Sao Paulo ;2017; 1 ; MASCULINO ; MADRUGADA ; ATROPELAMENTO ; PEDESTRE ; 80 ou mais ; -23.651375 ; -46.790841 ;;;;;;;;;;;;;;;;;;;;;;;;;;;;
Sao Paulo; Sao Paulo ;2017; 1 ; MASCULINO ; MADRUGADA ; ATROPELAMENTO ; PEDESTRE ; Não Disponível ; -23.438764 ; -46.721538 ;;;;;;;;;;;;;;;;;;;;;;;;;;;;
Sao Paulo; Sao Paulo ;2017; 1 ; MASCULINO ; MADRUGADA ; CHOQUE ; MOTOCICLETA ; 25-29 ; -23.763960 ; -46.707593 ;;;;;;;;;;;;;;;;;;;;;;;;;;;;
Sao Paulo; Sao Paulo ;2017; 1 ; MASCULINO ; MADRUGADA ; COLISÃO ; AUTOMÓVEL ; 18-24 ; -23.628069 ; -46.590867 ;;;;;;;;;;;;;;;;;;;;;;;;;;;;
Sao Paulo; Sao Paulo ;2017; 1 ; MASCULINO ; MADRUGADA ; COLISÃO ; AUTOMÓVEL ; 40-44 ; -23.507052000 ; -46.749681000 ;;;;;;;;;;;;;;;;;;;;;;;;;;;;
Sao Paulo; Sao Paulo ;2017; 1 ; MASCULINO ; MADRUGADA ; COLISÃO ; AUTOMÓVEL ; 55-59 ; -23.506326 ; -46.488500 ;;;;;;;;;;;;;;;;;;;;;;;;;;;;
Sao Paulo; Sao Paulo ;2017; 1 ; MASCULINO ; MADRUGADA ; COLISÃO ; CAMINHÃO ; 45-49 ; -23.3938754238186 ; -46.7683314433228 ;;;;;;;;;;;;;;;;;;;;;;;;;;;;
Sao Paulo; Sao Paulo ;2017; 1 ; MASCULINO ; MADRUGADA ; COLISÃO ; MOTOCICLETA ; 0-17 ; -23.686706 ; -46.790011 ;;;;;;;;;;;;;;;;;;;;;;;;;;;;
Sao Paulo; Sao Paulo ;2017; 1 ; MASCULINO ; MADRUGADA ; COLISÃO ; MOTOCICLETA ; 25-29 ; -23.684116 ; -46.714521 ;;;;;;;;;;;;;;;;;;;;;;;;;;;;
Sao Paulo; Sao Paulo ;2017; 1 ; MASCULINO ; MADRUGADA ; COLISÃO ; MOTOCICLETA ; 25-29 ; -23.4185268070462 ; -46.5792768097828 ;;;;;;;;;;;;;;;;;;;;;;;;;;;;
Sao Paulo; Sao Paulo ;2017; 1 ; MASCULINO ; MADRUGADA ; COLISÃO ; ONIBUS ; 40-44 ; -23.586650 ; -46.724280 ;;;;;;;;;;;;;;;;;;;;;;;;;;;;
Sao Paulo; Sao Paulo ;2017; 1 ; MASCULINO ; MADRUGADA ; NÃO DISPONÍVEL ; MOTOCICLETA ; 25-29 ; -23.647981 ; -46.652790 ;;;;;;;;;;;;;;;;;;;;;;;;;;;;
Sao Paulo; Sao Paulo ;2017; 1 ; MASCULINO ; MADRUGADA ; NÃO DISPONÍVEL ; MOTOCICLETA ; 45-49 ; -23.5853372166081 ; -46.7643269193493 ;;;;;;;;;;;;;;;;;;;;;;;;;;;;
Sao Paulo; Sao Paulo ;2017; 1 ; MASCULINO ; MANHÃ ; ATROPELAMENTO ; PEDESTRE ; 0-17 ; -23.621696 ; -46.733569 ;;;;;;;;;;;;;;;;;;;;;;;;;;;;
Sao Paulo; Sao Paulo ;2017; 1 ; MASCULINO ; MANHÃ ; ATROPELAMENTO ; PEDESTRE ; 60-64 ; Não Disponível ; Não Disponível ;;;;;;;;;;;;;;;;;;;;;;;;;;;;
Sao Paulo; Sao Paulo ;2017; 1 ; MASCULINO ; MANHÃ ; ATROPELAMENTO ; PEDESTRE ; 65-69 ; -23.546006 ; -46.735083 ;;;;;;;;;;;;;;;;;;;;;;;;;;;;
Sao Paulo; Sao Paulo ;2017; 1 ; MASCULINO ; MANHÃ ; ATROPELAMENTO ; PEDESTRE ; Não Disponível ; -23.621703 ; -46.733574 ;;;;;;;;;;;;;;;;;;;;;;;;;;;;
Sao Paulo; Sao Paulo ;2017; 1 ; MASCULINO ; MANHÃ ; COLISÃO ; MOTOCICLETA ; 30-34 ; Não Disponível ; Não Disponível ;;;;;;;;;;;;;;;;;;;;;;;;;;;;
Sao Paulo; Sao Paulo ;2017; 1 ; MASCULINO ; MANHÃ ; NÃO DISPONÍVEL ; NÃO DISPONÍVEL ; 50-54 ; -23.4392796930061 ; -46.7693630968278 ;;;;;;;;;;;;;;;;;;;;;;;;;;;;
Sao Paulo; Sao Paulo ;2017; 1 ; MASCULINO ; MANHÃ ; OUTROS ; BICICLETA ; 45-49 ; Não Disponível ; Não Disponível ;;;;;;;;;;;;;;;;;;;;;;;;;;;;
Sao Paulo; Sao Paulo ;2017; 1 ; MASCULINO ; Não Disponível ; ATROPELAMENTO ; PEDESTRE ; 18-24 ; -23.506332 ; -46.468340 ;;;;;;;;;;;;;;;;;;;;;;;;;;;;
Sao Paulo; Sao Paulo ;2017; 1 ; MASCULINO ; Não Disponível ; CHOQUE ; MOTOCICLETA ; 0-17 ; -23.506310 ; -46.376659 ;;;;;;;;;;;;;;;;;;;;;;;;;;;;
Sao Paulo; Sao Paulo ;2017; 1 ; MASCULINO ; Não Disponível ; NÃO DISPONÍVEL ; MOTOCICLETA ; 25-29 ; Não Disponível ; Não Disponível ;;;;;;;;;;;;;;;;;;;;;;;;;;;;
Sao Paulo; Sao Paulo ;2017; 1 ; MASCULINO ; Não Disponível ; NÃO DISPONÍVEL ; NÃO DISPONÍVEL ; 45-49 ; Não Disponível ; Não Disponível ;;;;;;;;;;;;;;;;;;;;;;;;;;;;
Sao Paulo; Sao Paulo ;2017; 1 ; MASCULINO ; Não Disponível ; OUTROS ; BICICLETA ; 40-44 ; -23.533468 ; -46.539274 ;;;;;;;;;;;;;;;;;;;;;;;;;;;;
Sao Paulo; Sao Paulo ;2017; 1 ; MASCULINO ; NOITE ; ATROPELAMENTO ; PEDESTRE ; 0-17 ; Não Disponível ; Não Disponível ;;;;;;;;;;;;;;;;;;;;;;;;;;;;
Sao Paulo; Sao Paulo ;2017; 1 ; MASCULINO ; NOITE ; ATROPELAMENTO ; PEDESTRE ; 25-29 ; -23.571463 ; -46.537242 ;;;;;;;;;;;;;;;;;;;;;;;;;;;;
Sao Paulo; Sao Paulo ;2017; 1 ; MASCULINO ; NOITE ; ATROPELAMENTO ; PEDESTRE ; 50-54 ; -23.599284 ; -46.514067 ;;;;;;;;;;;;;;;;;;;;;;;;;;;;
Sao Paulo; Sao Paulo ;2017; 1 ; MASCULINO ; NOITE ; ATROPELAMENTO ; PEDESTRE ; Não Disponível ; -23.536608 ; -46.729293 ;;;;;;;;;;;;;;;;;;;;;;;;;;;;
Sao Paulo; Sao Paulo ;2017; 1 ; MASCULINO ; NOITE ; CHOQUE ; BICICLETA ; 40-44 ; -23.658459 ; -46.652325 ;;;;;;;;;;;;;;;;;;;;;;;;;;;;
Sao Paulo; Sao Paulo ;2017; 1 ; MASCULINO ; NOITE ; CHOQUE ; MOTOCICLETA ; 18-24 ; -23.678253 ; -46.639493 ;;;;;;;;;;;;;;;;;;;;;;;;;;;;
Sao Paulo; Sao Paulo ;2017; 1 ; MASCULINO ; NOITE ; CHOQUE ; MOTOCICLETA ; 30-34 ; -23.519840 ; -46.636730 ;;;;;;;;;;;;;;;;;;;;;;;;;;;;
Sao Paulo; Sao Paulo ;2017; 1 ; MASCULINO ; NOITE ; COLISÃO ; AUTOMÓVEL ; Não Disponível ; -23.619304 ; -46.723279 ;;;;;;;;;;;;;;;;;;;;;;;;;;;;
Sao Paulo; Sao Paulo ;2017; 1 ; MASCULINO ; NOITE ; COLISÃO ; MOTOCICLETA ; 0-17 ; -23.740218 ; -46.664499 ;;;;;;;;;;;;;;;;;;;;;;;;;;;;
Sao Paulo; Sao Paulo ;2017; 1 ; MASCULINO ; NOITE ; COLISÃO ; MOTOCICLETA ; 0-17 ; -23.499852486 ; -46.754524112 ;;;;;;;;;;;;;;;;;;;;;;;;;;;;
Sao Paulo; Sao Paulo ;2017; 1 ; MASCULINO ; NOITE ; COLISÃO ; MOTOCICLETA ; 18-24 ; -23.535077 ; -46.428448 ;;;;;;;;;;;;;;;;;;;;;;;;;;;;
Sao Paulo; Sao Paulo ;2017; 1 ; MASCULINO ; NOITE ; COLISÃO ; MOTOCICLETA ; 25-29 ; -23.671531 ; -46.779853 ;;;;;;;;;;;;;;;;;;;;;;;;;;;;
Sao Paulo; Sao Paulo ;2017; 1 ; MASCULINO ; NOITE ; NÃO DISPONÍVEL ; MOTOCICLETA ; 50-54 ; -23.587635 ; -46.591190 ;;;;;;;;;;;;;;;;;;;;;;;;;;;;
Sao Paulo; Sao Paulo ;2017; 1 ; MASCULINO ; NOITE ; OUTROS ; AUTOMÓVEL ; 40-44 ; -23.526524 ; -46.553700 ;;;;;;;;;;;;;;;;;;;;;;;;;;;;
Sao Paulo; Sao Paulo ;2017; 1 ; MASCULINO ; NOITE ; OUTROS ; MOTOCICLETA ; 0-17 ; -23.482217 ; -46.665609 ;;;;;;;;;;;;;;;;;;;;;;;;;;;;
Sao Paulo; Sao Paulo ;2017; 1 ; MASCULINO ; TARDE ; COLISÃO ; MOTOCICLETA ; 35-39 ; -23.6467276520621 ; -46.7471654037829 ;;;;;;;;;;;;;;;;;;;;;;;;;;;;
Sao Paulo; Sao Paulo ;2017; 1 ; MASCULINO ; TARDE ; COLISÃO ; MOTOCICLETA ; 35-39 ; -23.444980682654 ; -46.7784567146765 ;;;;;;;;;;;;;;;;;;;;;;;;;;;;
Sao Paulo; Sao Paulo ;2017; 1 ; MASCULINO ; TARDE ; COLISÃO ; MOTOCICLETA ; 45-49 ; -23.444980682654 ; -46.7784567146765 ;;;;;;;;;;;;;;;;;;;;;;;;;;;;
Sao Pedro; Sao Pedro ;2017; 1 ; MASCULINO ; TARDE ; COLISÃO ; AUTOMÓVEL ; 40-44 ; -22.5677579978929 ; -48.0134036495155 ;;;;;;;;;;;;;;;;;;;;;;;;;;;;
Sao Pedro; Sao Pedro ;2017; 1 ; MASCULINO ; TARDE ; COLISÃO ; CAMINHÃO ; 40-44 ; -22.5636052093801 ; -47.9436060741975 ;;;;;;;;;;;;;;;;;;;;;;;;;;;;
Sao Sebastiao; Sao Sebastiao ;2017; 1 ; MASCULINO ; MANHÃ ; ATROPELAMENTO ; PEDESTRE ; 60-64 ; -23.773809051 ; -45.672974088 ;;;;;;;;;;;;;;;;;;;;;;;;;;;;
Sao Sebastiao; Sao Sebastiao ;2017; 1 ; MASCULINO ; MANHÃ ; COLISÃO ; MOTOCICLETA ; 55-59 ; -23.773809051 ; -45.672974088 ;;;;;;;;;;;;;;;;;;;;;;;;;;;;
Sao Sebastiao; Sao Sebastiao ;2017; 1 ; MASCULINO ; MANHÃ ; OUTROS ; CAMINHÃO ; 55-59 ; -23.7879972569117 ; -45.5863165704745 ;;;;;;;;;;;;;;;;;;;;;;;;;;;;
Sao Sebastiao; Sao Sebastiao ;2017; 1 ; MASCULINO ; NOITE ; NÃO DISPONÍVEL ; MOTOCICLETA ; 55-59 ; Não Disponível ; Não Disponível ;;;;;;;;;;;;;;;;;;;;;;;;;;;;
Sao Sebastiao; Sao Sebastiao ;2017; 1 ; MASCULINO ; TARDE ; OUTROS ; MOTOCICLETA ; 18-24 ; -23.7971014373592 ; -45.5463323515703 ;;;;;;;;;;;;;;;;;;;;;;;;;;;;
Sao Simao; Sao Simao ;2017; 1 ; MASCULINO ; NOITE ; COLISÃO ; MOTOCICLETA ; 30-34 ; -21.527778330 ; -47.642481023 ;;;;;;;;;;;;;;;;;;;;;;;;;;;;
Sao Vicente; Sao Vicente ;2017; 1 ; FEMININO ; NOITE ; ATROPELAMENTO ; PEDESTRE ; 0-17 ; Não Disponível ; Não Disponível ;;;;;;;;;;;;;;;;;;;;;;;;;;;;
Sao Vicente; Sao Vicente ;2017; 1 ; MASCULINO ; MADRUGADA ; ATROPELAMENTO ; PEDESTRE ; 30-34 ; Não Disponível ; Não Disponível ;;;;;;;;;;;;;;;;;;;;;;;;;;;;
Sao Vicente; Sao Vicente ;2017; 1 ; MASCULINO ; MADRUGADA ; COLISÃO ; MOTOCICLETA ; 18-24 ; -23.966233 ; -46.376114 ;;;;;;;;;;;;;;;;;;;;;;;;;;;;
Sao Vicente; Sao Vicente ;2017; 1 ; MASCULINO ; MADRUGADA ; COLISÃO ; MOTOCICLETA ; 30-34 ; -23.9886097700296 ; -46.493789857007 ;;;;;;;;;;;;;;;;;;;;;;;;;;;;
Sao Vicente; Sao Vicente ;2017; 1 ; MASCULINO ; MANHÃ ; COLISÃO ; AUTOMÓVEL ; 18-24 ; -23.977302 ; -46.441155 ;;;;;;;;;;;;;;;;;;;;;;;;;;;;
Sao Vicente; Sao Vicente ;2017; 1 ; MASCULINO ; TARDE ; OUTROS ; MOTOCICLETA ; 45-49 ; Não Disponível ; Não Disponível ;;;;;;;;;;;;;;;;;;;;;;;;;;;;
Serra Negra; Serra Negra ;2017; 1 ; MASCULINO ; MADRUGADA ; COLISÃO ; MOTOCICLETA ; 50-54 ; -22.587142 ; -46.637929 ;;;;;;;;;;;;;;;;;;;;;;;;;;;;
Severinia; Severinia ;2017; 1 ; MASCULINO ; NOITE ; COLISÃO ; AUTOMÓVEL ; 50-54 ; -20.8334041922885 ; -48.7723166089107 ;;;;;;;;;;;;;;;;;;;;;;;;;;;;
Sorocaba; Sorocaba ;2017; 1 ; FEMININO ; MANHÃ ; COLISÃO ; AUTOMÓVEL ; 0-17 ; -23.432128 ; -47.442837 ;;;;;;;;;;;;;;;;;;;;;;;;;;;;
Sorocaba; Sorocaba ;2017; 1 ; FEMININO ; Não Disponível ; ATROPELAMENTO ; PEDESTRE ; 75-79 ; Não Disponível ; Não Disponível ;;;;;;;;;;;;;;;;;;;;;;;;;;;;
Sorocaba; Sorocaba ;2017; 1 ; FEMININO ; NOITE ; ATROPELAMENTO ; PEDESTRE ; 45-49 ; -23.516351 ; -47.501469 ;;;;;;;;;;;;;;;;;;;;;;;;;;;;
Sorocaba; Sorocaba ;2017; 1 ; FEMININO ; NOITE ; ATROPELAMENTO ; PEDESTRE ; 75-79 ; -23.481324 ; -47.478549 ;;;;;;;;;;;;;;;;;;;;;;;;;;;;
Sorocaba; Sorocaba ;2017; 1 ; MASCULINO ; MADRUGADA ; COLISÃO ; MOTOCICLETA ; 35-39 ; -23.510358869 ; -47.549433168 ;;;;;;;;;;;;;;;;;;;;;;;;;;;;
Sorocaba; Sorocaba ;2017; 1 ; MASCULINO ; TARDE ; ATROPELAMENTO ; PEDESTRE ; 75-79 ; Não Disponível ; Não Disponível ;;;;;;;;;;;;;;;;;;;;;;;;;;;;
Sorocaba; Sorocaba ;2017; 1 ; MASCULINO ; TARDE ; COLISÃO ; MOTOCICLETA ; 25-29 ; -23.469898 ; -47.491608 ;;;;;;;;;;;;;;;;;;;;;;;;;;;;
Sorocaba; Sorocaba ;2017; 1 ; NÃO DISPONÍVEL ; NOITE ; CHOQUE ; NÃO DISPONÍVEL ; 18-24 ; -23.483905 ; -47.427194 ;;;;;;;;;;;;;;;;;;;;;;;;;;;;
Sud Mennucci; Sud Mennucci ;2017; 1 ; MASCULINO ; MANHÃ ; COLISÃO ; AUTOMÓVEL ; 50-54 ; -20.6108585502146 ; -50.8148816326741 ;;;;;;;;;;;;;;;;;;;;;;;;;;;;
Sumare; Sumare ;2017; 1 ; MASCULINO ; MADRUGADA ; COLISÃO ; MOTOCICLETA ; 30-34 ; -22.838522 ; -47.256604 ;;;;;;;;;;;;;;;;;;;;;;;;;;;;
Tabatinga; Tabatinga ;2017; 1 ; MASCULINO ; NOITE ; CHOQUE ; MOTOCICLETA ; 30-34 ; Não Disponível ; Não Disponível ;;;;;;;;;;;;;;;;;;;;;;;;;;;;
Tapirai; Tapirai ;2017; 1 ; MASCULINO ; TARDE ; COLISÃO ; MOTOCICLETA ; 25-29 ; -24.0305550927723 ; -47.5583222762615 ;;;;;;;;;;;;;;;;;;;;;;;;;;;;
Taquaritinga; Taquaritinga ;2017; 1 ; MASCULINO ; MANHÃ ; ATROPELAMENTO ; PEDESTRE ; 40-44 ; -21.405680000 ; -48.476770000 ;;;;;;;;;;;;;;;;;;;;;;;;;;;;
Taquaritinga; Taquaritinga ;2017; 1 ; MASCULINO ; NOITE ; COLISÃO ; AUTOMÓVEL ; 50-54 ; -21.476970000 ; -48.601110000 ;;;;;;;;;;;;;;;;;;;;;;;;;;;;
Taquarituba; Taquarituba ;2017; 1 ; MASCULINO ; MADRUGADA ; OUTROS ; CAMINHÃO ; 18-24 ; -23.5589059640139 ; -49.2499838576511 ;;;;;;;;;;;;;;;;;;;;;;;;;;;;
Taubate; Taubate ;2017; 1 ; MASCULINO ; Não Disponível ; COLISÃO ; MOTOCICLETA ; 30-34 ; -23.1591831950024 ; -45.4854168168751 ;;;;;;;;;;;;;;;;;;;;;;;;;;;;
Taubate; Taubate ;2017; 1 ; MASCULINO ; Não Disponível ; OUTROS ; BICICLETA ; 30-34 ; -22.994577 ; -45.651855 ;;;;;;;;;;;;;;;;;;;;;;;;;;;;
Taubate; Taubate ;2017; 1 ; MASCULINO ; TARDE ; NÃO DISPONÍVEL ; NÃO DISPONÍVEL ; 60-64 ; Não Disponível ; Não Disponível ;;;;;;;;;;;;;;;;;;;;;;;;;;;;
Teodoro Sampaio; Teodoro Sampaio ;2017; 1 ; FEMININO ; NOITE ; COLISÃO ; AUTOMÓVEL ; 18-24 ; -22.5197617575396 ; -52.3171524490177 ;;;;;;;;;;;;;;;;;;;;;;;;;;;;
Teodoro Sampaio; Teodoro Sampaio ;2017; 1 ; FEMININO ; NOITE ; COLISÃO ; AUTOMÓVEL ; 30-34 ; -22.5197617575396 ; -52.3171524490177 ;;;;;;;;;;;;;;;;;;;;;;;;;;;;
Teodoro Sampaio; Teodoro Sampaio ;2017; 1 ; MASCULINO ; NOITE ; COLISÃO ; AUTOMÓVEL ; 25-29 ; -22.5197617575396 ; -52.3171524490177 ;;;;;;;;;;;;;;;;;;;;;;;;;;;;
Teodoro Sampaio; Teodoro Sampaio ;2017; 1 ; MASCULINO ; NOITE ; COLISÃO ; AUTOMÓVEL ; 25-29 ; -22.5197617575396 ; -52.3171524490177 ;;;;;;;;;;;;;;;;;;;;;;;;;;;;
Tupa; Tupa ;2017; 1 ; FEMININO ; MANHÃ ; COLISÃO ; MOTOCICLETA ; 50-54 ; -21.945223 ; -50.508086 ;;;;;;;;;;;;;;;;;;;;;;;;;;;;
Valinhos; Valinhos ;2017; 1 ; FEMININO ; Não Disponível ; NÃO DISPONÍVEL ; NÃO DISPONÍVEL ; 45-49 ; Não Disponível ; Não Disponível ;;;;;;;;;;;;;;;;;;;;;;;;;;;;
Vargem Grande Paulista; Vargem Grande Paulista ;2017; 1 ; MASCULINO ; TARDE ; CHOQUE ; AUTOMÓVEL ; 60-64 ; -23.648266 ; -47.001796 ;;;;;;;;;;;;;;;;;;;;;;;;;;;;
Votorantim; Votorantim ;2017; 1 ; MASCULINO ; NOITE ; CHOQUE ; AUTOMÓVEL ; 70-74 ; -23.578202 ; -47.458570 ;;;;;;;;;;;;;;;;;;;;;;;;;;;;
Zacarias; Zacarias ;2017; 1 ; FEMININO ; Não Disponível ; ATROPELAMENTO ; PEDESTRE ; 65-69 ; -21.073679 ; -50.086164 ;;;;;;;;;;;;;;;;;;;;;;;;;;;;
*Fonte: Base Registro Digital de Ocorrência e Crimes Violentos de Letalidade Intencional  SSP/SP  Jan/2017.;;;;;;;;;;;;;;;;;;;;;;;;;;;;;;;;;;;;;;
;;;;;;;;;;;;;;;;;;;;;;;;;;;;;;;;;;;;;;
;;;;;;;;;;;;;;;;;;;;;;;;;;;;;;;;;;;;;;
;;;;;;;;;;;;;;;;;;;;;;;;;;;;;;;;;;;;;;
;;;;;;;;;;;;;;;;;;;;;;;;;;;;;;;;;;;;;;
;;;;;;;;;;;;;;;;;;;;;;;;;;;;;;;;;;;;;;
;;;;;;;;;;;;;;;;;;;;;;;;;;;;;;;;;;;;;;
;;;;;;;;;;;;;;;;;;;;;;;;;;;;;;;;;;;;;;
;;;;;;;;;;;;;;;;;;;;;;;;;;;;;;;;;;;;;;
;;;;;;;;;;;;;;;;;;;;;;;;;;;;;;;;;;;;;;
;;;;;;;;;;;;;;;;;;;;;;;;;;;;;;;;;;;;;;
;;;;;;;;;;;;;;;;;;;;;;;;;;;;;;;;;;;;;;
;;;;;;;;;;;;;;;;;;;;;;;;;;;;;;;;;;;;;;
;;;;;;;;;;;;;;;;;;;;;;;;;;;;;;;;;;;;;;
;;;;;;;;;;;;;;;;;;;;;;;;;;;;;;;;;;;;;;
;;;;;;;;;;;;;;;;;;;;;;;;;;;;;;;;;;;;;;
;;;;;;;;;;;;;;;;;;;;;;;;;;;;;;;;;;;;;;
;;;;;;;;;;;;;;;;;;;;;;;;;;;;;;;;;;;;;;
;;;;;;;;;;;;;;;;;;;;;;;;;;;;;;;;;;;;;;
;;;;;;;;;;;;;;;;;;;;;;;;;;;;;;;;;;;;;;
;;;;;;;;;;;;;;;;;;;;;;;;;;;;;;;;;;;;;;
;;;;;;;;;;;;;;;;;;;;;;;;;;;;;;;;;;;;;;
;;;;;;;;;;;;;;;;;;;;;;;;;;;;;;;;;;;;;;
;;;;;;;;;;;;;;;;;;;;;;;;;;;;;;;;;;;;;;
;;;;;;;;;;;;;;;;;;;;;;;;;;;;;;;;;;;;;;
;;;;;;;;;;;;;;;;;;;;;;;;;;;;;;;;;;;;;;
;;;;;;;;;;;;;;;;;;;;;;;;;;;;;;;;;;;;;;
;;;;;;;;;;;;;;;;;;;;;;;;;;;;;;;;;;;;;;
;;;;;;;;;;;;;;;;;;;;;;;;;;;;;;;;;;;;;;
;;;;;;;;;;;;;;;;;;;;;;;;;;;;;;;;;;;;;;
;;;;;;;;;;;;;;;;;;;;;;;;;;;;;;;;;;;;;;
;;;;;;;;;;;;;;;;;;;;;;;;;;;;;;;;;;;;;;
;;;;;;;;;;;;;;;;;;;;;;;;;;;;;;;;;;;;;;
;;;;;;;;;;;;;;;;;;;;;;;;;;;;;;;;;;;;;;
;;;;;;;;;;;;;;;;;;;;;;;;;;;;;;;;;;;;;;
;;;;;;;;;;;;;;;;;;;;;;;;;;;;;;;;;;;;;;
;;;;;;;;;;;;;;;;;;;;;;;;;;;;;;;;;;;;;;
;;;;;;;;;;;;;;;;;;;;;;;;;;;;;;;;;;;;;;
;;;;;;;;;;;;;;;;;;;;;;;;;;;;;;;;;;;;;;
;;;;;;;;;;;;;;;;;;;;;;;;;;;;;;;;;;;;;;
;;;;;;;;;;;;;;;;;;;;;;;;;;;;;;;;;;;;;;
;;;;;;;;;;;;;;;;;;;;;;;;;;;;;;;;;;;;;;
;;;;;;;;;;;;;;;;;;;;;;;;;;;;;;;;;;;;;;
;;;;;;;;;;;;;;;;;;;;;;;;;;;;;;;;;;;;;;
;;;;;;;;;;;;;;;;;;;;;;;;;;;;;;;;;;;;;;
;;;;;;;;;;;;;;;;;;;;;;;;;;;;;;;;;;;;;;
;;;;;;;;;;;;;;;;;;;;;;;;;;;;;;;;;;;;;;
;;;;;;;;;;;;;;;;;;;;;;;;;;;;;;;;;;;;;;
;;;;;;;;;;;;;;;;;;;;;;;;;;;;;;;;;;;;;;
;;;;;;;;;;;;;;;;;;;;;;;;;;;;;;;;;;;;;;
;;;;;;;;;;;;;;;;;;;;;;;;;;;;;;;;;;;;;;
;;;;;;;;;;;;;;;;;;;;;;;;;;;;;;;;;;;;;;
;;;;;;;;;;;;;;;;;;;;;;;;;;;;;;;;;;;;;;
;;;;;;;;;;;;;;;;;;;;;;;;;;;;;;;;;;;;;;
;;;;;;;;;;;;;;;;;;;;;;;;;;;;;;;;;;;;;;
;;;;;;;;;;;;;;;;;;;;;;;;;;;;;;;;;;;;;;
;;;;;;;;;;;;;;;;;;;;;;;;;;;;;;;;;;;;;;
;;;;;;;;;;;;;;;;;;;;;;;;;;;;;;;;;;;;;;
;;;;;;;;;;;;;;;;;;;;;;;;;;;;;;;;;;;;;;
;;;;;;;;;;;;;;;;;;;;;;;;;;;;;;;;;;;;;;
;;;;;;;;;;;;;;;;;;;;;;;;;;;;;;;;;;;;;;
;;;;;;;;;;;;;;;;;;;;;;;;;;;;;;;;;;;;;;
;;;;;;;;;;;;;;;;;;;;;;;;;;;;;;;;;;;;;;
;;;;;;;;;;;;;;;;;;;;;;;;;;;;;;;;;;;;;;
;;;;;;;;;;;;;;;;;;;;;;;;;;;;;;;;;;;;;;
;;;;;;;;;;;;;;;;;;;;;;;;;;;;;;;;;;;;;;
;;;;;;;;;;;;;;;;;;;;;;;;;;;;;;;;;;;;;;
;;;;;;;;;;;;;;;;;;;;;;;;;;;;;;;;;;;;;;
;;;;;;;;;;;;;;;;;;;;;;;;;;;;;;;;;;;;;;
;;;;;;;;;;;;;;;;;;;;;;;;;;;;;;;;;;;;;;
;;;;;;;;;;;;;;;;;;;;;;;;;;;;;;;;;;;;;;
;;;;;;;;;;;;;;;;;;;;;;;;;;;;;;;;;;;;;;
;;;;;;;;;;;;;;;;;;;;;;;;;;;;;;;;;;;;;;
;;;;;;;;;;;;;;;;;;;;;;;;;;;;;;;;;;;;;;
;;;;;;;;;;;;;;;;;;;;;;;;;;;;;;;;;;;;;;
;;;;;;;;;;;;;;;;;;;;;;;;;;;;;;;;;;;;;;
;;;;;;;;;;;;;;;;;;;;;;;;;;;;;;;;;;;;;;
;;;;;;;;;;;;;;;;;;;;;;;;;;;;;;;;;;;;;;
;;;;;;;;;;;;;;;;;;;;;;;;;;;;;;;;;;;;;;
;;;;;;;;;;;;;;;;;;;;;;;;;;;;;;;;;;;;;;
;;;;;;;;;;;;;;;;;;;;;;;;;;;;;;;;;;;;;;
;;;;;;;;;;;;;;;;;;;;;;;;;;;;;;;;;;;;;;
;;;;;;;;;;;;;;;;;;;;;;;;;;;;;;;;;;;;;;
;;;;;;;;;;;;;;;;;;;;;;;;;;;;;;;;;;;;;;
;;;;;;;;;;;;;;;;;;;;;;;;;;;;;;;;;;;;;;
;;;;;;;;;;;;;;;;;;;;;;;;;;;;;;;;;;;;;;
;;;;;;;;;;;;;;;;;;;;;;;;;;;;;;;;;;;;;;
;;;;;;;;;;;;;;;;;;;;;;;;;;;;;;;;;;;;;;
;;;;;;;;;;;;;;;;;;;;;;;;;;;;;;;;;;;;;;
;;;;;;;;;;;;;;;;;;;;;;;;;;;;;;;;;;;;;;
;;;;;;;;;;;;;;;;;;;;;;;;;;;;;;;;;;;;;;
;;;;;;;;;;;;;;;;;;;;;;;;;;;;;;;;;;;;;;
;;;;;;;;;;;;;;;;;;;;;;;;;;;;;;;;;;;;;;
;;;;;;;;;;;;;;;;;;;;;;;;;;;;;;;;;;;;;;
;;;;;;;;;;;;;;;;;;;;;;;;;;;;;;;;;;;;;;
;;;;;;;;;;;;;;;;;;;;;;;;;;;;;;;;;;;;;;
;;;;;;;;;;;;;;;;;;;;;;;;;;;;;;;;;;;;;;
;;;;;;;;;;;;;;;;;;;;;;;;;;;;;;;;;;;;;;
;;;;;;;;;;;;;;;;;;;;;;;;;;;;;;;;;;;;;;
;;;;;;;;;;;;;;;;;;;;;;;;;;;;;;;;;;;;;;
;;;;;;;;;;;;;;;;;;;;;;;;;;;;;;;;;;;;;;
;;;;;;;;;;;;;;;;;;;;;;;;;;;;;;;;;;;;;;
;;;;;;;;;;;;;;;;;;;;;;;;;;;;;;;;;;;;;;
;;;;;;;;;;;;;;;;;;;;;;;;;;;;;;;;;;;;;;
;;;;;;;;;;;;;;;;;;;;;;;;;;;;;;;;;;;;;;
;;;;;;;;;;;;;;;;;;;;;;;;;;;;;;;;;;;;;;
;;;;;;;;;;;;;;;;;;;;;;;;;;;;;;;;;;;;;;
;;;;;;;;;;;;;;;;;;;;;;;;;;;;;;;;;;;;;;
;;;;;;;;;;;;;;;;;;;;;;;;;;;;;;;;;;;;;;
;;;;;;;;;;;;;;;;;;;;;;;;;;;;;;;;;;;;;;
;;;;;;;;;;;;;;;;;;;;;;;;;;;;;;;;;;;;;;
;;;;;;;;;;;;;;;;;;;;;;;;;;;;;;;;;;;;;;
;;;;;;;;;;;;;;;;;;;;;;;;;;;;;;;;;;;;;;
;;;;;;;;;;;;;;;;;;;;;;;;;;;;;;;;;;;;;;
;;;;;;;;;;;;;;;;;;;;;;;;;;;;;;;;;;;;;;
;;;;;;;;;;;;;;;;;;;;;;;;;;;;;;;;;;;;;;
;;;;;;;;;;;;;;;;;;;;;;;;;;;;;;;;;;;;;;
;;;;;;;;;;;;;;;;;;;;;;;;;;;;;;;;;;;;;;
;;;;;;;;;;;;;;;;;;;;;;;;;;;;;;;;;;;;;;
;;;;;;;;;;;;;;;;;;;;;;;;;;;;;;;;;;;;;;
;;;;;;;;;;;;;;;;;;;;;;;;;;;;;;;;;;;;;;
;;;;;;;;;;;;;;;;;;;;;;;;;;;;;;;;;;;;;;
;;;;;;;;;;;;;;;;;;;;;;;;;;;;;;;;;;;;;;
;;;;;;;;;;;;;;;;;;;;;;;;;;;;;;;;;;;;;;
;;;;;;;;;;;;;;;;;;;;;;;;;;;;;;;;;;;;;;
;;;;;;;;;;;;;;;;;;;;;;;;;;;;;;;;;;;;;;
;;;;;;;;;;;;;;;;;;;;;;;;;;;;;;;;;;;;;;
;;;;;;;;;;;;;;;;;;;;;;;;;;;;;;;;;;;;;;
;;;;;;;;;;;;;;;;;;;;;;;;;;;;;;;;;;;;;;
;;;;;;;;;;;;;;;;;;;;;;;;;;;;;;;;;;;;;;
;;;;;;;;;;;;;;;;;;;;;;;;;;;;;;;;;;;;;;
;;;;;;;;;;;;;;;;;;;;;;;;;;;;;;;;;;;;;;
;;;;;;;;;;;;;;;;;;;;;;;;;;;;;;;;;;;;;;
;;;;;;;;;;;;;;;;;;;;;;;;;;;;;;;;;;;;;;
;;;;;;;;;;;;;;;;;;;;;;;;;;;;;;;;;;;;;;
;;;;;;;;;;;;;;;;;;;;;;;;;;;;;;;;;;;;;;
;;;;;;;;;;;;;;;;;;;;;;;;;;;;;;;;;;;;;;
;;;;;;;;;;;;;;;;;;;;;;;;;;;;;;;;;;;;;;
;;;;;;;;;;;;;;;;;;;;;;;;;;;;;;;;;;;;;;
;;;;;;;;;;;;;;;;;;;;;;;;;;;;;;;;;;;;;;
;;;;;;;;;;;;;;;;;;;;;;;;;;;;;;;;;;;;;;
;;;;;;;;;;;;;;;;;;;;;;;;;;;;;;;;;;;;;;
;;;;;;;;;;;;;;;;;;;;;;;;;;;;;;;;;;;;;;
;;;;;;;;;;;;;;;;;;;;;;;;;;;;;;;;;;;;;;
;;;;;;;;;;;;;;;;;;;;;;;;;;;;;;;;;;;;;;
;;;;;;;;;;;;;;;;;;;;;;;;;;;;;;;;;;;;;;
;;;;;;;;;;;;;;;;;;;;;;;;;;;;;;;;;;;;;;
;;;;;;;;;;;;;;;;;;;;;;;;;;;;;;;;;;;;;;
;;;;;;;;;;;;;;;;;;;;;;;;;;;;;;;;;;;;;;
;;;;;;;;;;;;;;;;;;;;;;;;;;;;;;;;;;;;;;
;;;;;;;;;;;;;;;;;;;;;;;;;;;;;;;;;;;;;;
;;;;;;;;;;;;;;;;;;;;;;;;;;;;;;;;;;;;;;
;;;;;;;;;;;;;;;;;;;;;;;;;;;;;;;;;;;;;;
;;;;;;;;;;;;;;;;;;;;;;;;;;;;;;;;;;;;;;
;;;;;;;;;;;;;;;;;;;;;;;;;;;;;;;;;;;;;;
;;;;;;;;;;;;;;;;;;;;;;;;;;;;;;;;;;;;;;
;;;;;;;;;;;;;;;;;;;;;;;;;;;;;;;;;;;;;;
;;;;;;;;;;;;;;;;;;;;;;;;;;;;;;;;;;;;;;
;;;;;;;;;;;;;;;;;;;;;;;;;;;;;;;;;;;;;;
;;;;;;;;;;;;;;;;;;;;;;;;;;;;;;;;;;;;;;
;;;;;;;;;;;;;;;;;;;;;;;;;;;;;;;;;;;;;;
;;;;;;;;;;;;;;;;;;;;;;;;;;;;;;;;;;;;;;
;;;;;;;;;;;;;;;;;;;;;;;;;;;;;;;;;;;;;;
;;;;;;;;;;;;;;;;;;;;;;;;;;;;;;;;;;;;;;
;;;;;;;;;;;;;;;;;;;;;;;;;;;;;;;;;;;;;;
;;;;;;;;;;;;;;;;;;;;;;;;;;;;;;;;;;;;;;
;;;;;;;;;;;;;;;;;;;;;;;;;;;;;;;;;;;;;;
;;;;;;;;;;;;;;;;;;;;;;;;;;;;;;;;;;;;;;
;;;;;;;;;;;;;;;;;;;;;;;;;;;;;;;;;;;;;;
;;;;;;;;;;;;;;;;;;;;;;;;;;;;;;;;;;;;;;
;;;;;;;;;;;;;;;;;;;;;;;;;;;;;;;;;;;;;;
;;;;;;;;;;;;;;;;;;;;;;;;;;;;;;;;;;;;;;
;;;;;;;;;;;;;;;;;;;;;;;;;;;;;;;;;;;;;;
;;;;;;;;;;;;;;;;;;;;;;;;;;;;;;;;;;;;;;
;;;;;;;;;;;;;;;;;;;;;;;;;;;;;;;;;;;;;;
;;;;;;;;;;;;;;;;;;;;;;;;;;;;;;;;;;;;;;
;;;;;;;;;;;;;;;;;;;;;;;;;;;;;;;;;;;;;;
;;;;;;;;;;;;;;;;;;;;;;;;;;;;;;;;;;;;;;
;;;;;;;;;;;;;;;;;;;;;;;;;;;;;;;;;;;;;;
;;;;;;;;;;;;;;;;;;;;;;;;;;;;;;;;;;;;;;
;;;;;;;;;;;;;;;;;;;;;;;;;;;;;;;;;;;;;;
;;;;;;;;;;;;;;;;;;;;;;;;;;;;;;;;;;;;;;
;;;;;;;;;;;;;;;;;;;;;;;;;;;;;;;;;;;;;;
;;;;;;;;;;;;;;;;;;;;;;;;;;;;;;;;;;;;;;
;;;;;;;;;;;;;;;;;;;;;;;;;;;;;;;;;;;;;;
;;;;;;;;;;;;;;;;;;;;;;;;;;;;;;;;;;;;;;
;;;;;;;;;;;;;;;;;;;;;;;;;;;;;;;;;;;;;;
;;;;;;;;;;;;;;;;;;;;;;;;;;;;;;;;;;;;;;
;;;;;;;;;;;;;;;;;;;;;;;;;;;;;;;;;;;;;;
;;;;;;;;;;;;;;;;;;;;;;;;;;;;;;;;;;;;;;
;;;;;;;;;;;;;;;;;;;;;;;;;;;;;;;;;;;;;;
;;;;;;;;;;;;;;;;;;;;;;;;;;;;;;;;;;;;;;
;;;;;;;;;;;;;;;;;;;;;;;;;;;;;;;;;;;;;;
;;;;;;;;;;;;;;;;;;;;;;;;;;;;;;;;;;;;;;
;;;;;;;;;;;;;;;;;;;;;;;;;;;;;;;;;;;;;;
;;;;;;;;;;;;;;;;;;;;;;;;;;;;;;;;;;;;;;
;;;;;;;;;;;;;;;;;;;;;;;;;;;;;;;;;;;;;;
;;;;;;;;;;;;;;;;;;;;;;;;;;;;;;;;;;;;;;
;;;;;;;;;;;;;;;;;;;;;;;;;;;;;;;;;;;;;;
;;;;;;;;;;;;;;;;;;;;;;;;;;;;;;;;;;;;;;
;;;;;;;;;;;;;;;;;;;;;;;;;;;;;;;;;;;;;;
;;;;;;;;;;;;;;;;;;;;;;;;;;;;;;;;;;;;;;
;;;;;;;;;;;;;;;;;;;;;;;;;;;;;;;;;;;;;;
;;;;;;;;;;;;;;;;;;;;;;;;;;;;;;;;;;;;;;
;;;;;;;;;;;;;;;;;;;;;;;;;;;;;;;;;;;;;;
;;;;;;;;;;;;;;;;;;;;;;;;;;;;;;;;;;;;;;
;;;;;;;;;;;;;;;;;;;;;;;;;;;;;;;;;;;;;;
;;;;;;;;;;;;;;;;;;;;;;;;;;;;;;;;;;;;;;
;;;;;;;;;;;;;;;;;;;;;;;;;;;;;;;;;;;;;;
;;;;;;;;;;;;;;;;;;;;;;;;;;;;;;;;;;;;;;
;;;;;;;;;;;;;;;;;;;;;;;;;;;;;;;;;;;;;;
;;;;;;;;;;;;;;;;;;;;;;;;;;;;;;;;;;;;;;
;;;;;;;;;;;;;;;;;;;;;;;;;;;;;;;;;;;;;;
;;;;;;;;;;;;;;;;;;;;;;;;;;;;;;;;;;;;;;
;;;;;;;;;;;;;;;;;;;;;;;;;;;;;;;;;;;;;;
;;;;;;;;;;;;;;;;;;;;;;;;;;;;;;;;;;;;;;
;;;;;;;;;;;;;;;;;;;;;;;;;;;;;;;;;;;;;;
;;;;;;;;;;;;;;;;;;;;;;;;;;;;;;;;;;;;;;
;;;;;;;;;;;;;;;;;;;;;;;;;;;;;;;;;;;;;;
;;;;;;;;;;;;;;;;;;;;;;;;;;;;;;;;;;;;;;
;;;;;;;;;;;;;;;;;;;;;;;;;;;;;;;;;;;;;;
;;;;;;;;;;;;;;;;;;;;;;;;;;;;;;;;;;;;;;
;;;;;;;;;;;;;;;;;;;;;;;;;;;;;;;;;;;;;;
;;;;;;;;;;;;;;;;;;;;;;;;;;;;;;;;;;;;;;
;;;;;;;;;;;;;;;;;;;;;;;;;;;;;;;;;;;;;;
;;;;;;;;;;;;;;;;;;;;;;;;;;;;;;;;;;;;;;
;;;;;;;;;;;;;;;;;;;;;;;;;;;;;;;;;;;;;;
;;;;;;;;;;;;;;;;;;;;;;;;;;;;;;;;;;;;;;
;;;;;;;;;;;;;;;;;;;;;;;;;;;;;;;;;;;;;;
;;;;;;;;;;;;;;;;;;;;;;;;;;;;;;;;;;;;;;
;;;;;;;;;;;;;;;;;;;;;;;;;;;;;;;;;;;;;;
;;;;;;;;;;;;;;;;;;;;;;;;;;;;;;;;;;;;;;
;;;;;;;;;;;;;;;;;;;;;;;;;;;;;;;;;;;;;;
;;;;;;;;;;;;;;;;;;;;;;;;;;;;;;;;;;;;;;
;;;;;;;;;;;;;;;;;;;;;;;;;;;;;;;;;;;;;;
;;;;;;;;;;;;;;;;;;;;;;;;;;;;;;;;;;;;;;
;;;;;;;;;;;;;;;;;;;;;;;;;;;;;;;;;;;;;;
;;;;;;;;;;;;;;;;;;;;;;;;;;;;;;;;;;;;;;
;;;;;;;;;;;;;;;;;;;;;;;;;;;;;;;;;;;;;;
;;;;;;;;;;;;;;;;;;;;;;;;;;;;;;;;;;;;;;
;;;;;;;;;;;;;;;;;;;;;;;;;;;;;;;;;;;;;;
;;;;;;;;;;;;;;;;;;;;;;;;;;;;;;;;;;;;;;
;;;;;;;;;;;;;;;;;;;;;;;;;;;;;;;;;;;;;;
