Município Acidente;Ano;Mês;Sexo;Turno Acidente;Tipo de Acidente;Meio de Locomoção da Vítima;Faixa Etária;Latitude Acidente;Longitude Acidente
AGUDOS;2017;3;FEMININO;NOITE;OUTROS;MOTOCICLETA;18-24;-22.415350483;-49.005161188
ALTINOPOLIS;2017;3;MASCULINO;NOITE;OUTROS;MOTOCICLETA;35-39;-21.13371519;-47.565821236
AMERICANA;2017;3;FEMININO;TARDE;ATROPELAMENTO;PEDESTRE;80 ou mais;-22.70446;-47.293229
AMERICANA;2017;3;MASCULINO;MANHA;COLISAO;CAMINHAO;45-49;-22.7585390704;-47.3156216461
AMERICANA;2017;3;MASCULINO;TARDE;COLISAO;MOTOCICLETA;50-54;-22.774802;-47.345654
AMPARO;2017;3;MASCULINO;NOITE;COLISAO;MOTOCICLETA;40-44;-22.691851254;-46.725560845
AMPARO;2017;3;MASCULINO;TARDE;OUTROS;MOTOCICLETA;30-34;-22.7113744914;-46.8253508011
ANALANDIA;2017;3;MASCULINO;MANHA;CHOQUE;MOTOCICLETA;35-39;-22.1348196167;-47.6568414688
ANDRADINA;2017;3;MASCULINO;MADRUGADA;COLISAO;BICICLETA;18-24;-20.8755122554;-51.3882495995
ANDRADINA;2017;3;MASCULINO;NOITE;COLISAO;MOTOCICLETA;18-24;-20.8789489146;-51.3790399858
ARACATUBA;2017;3;MASCULINO;MADRUGADA;COLISAO;MOTOCICLETA;18-24;-21.175026;-50.443756
ARACATUBA;2017;3;MASCULINO;NOITE;COLISAO;BICICLETA;35-39;-21.214766;-50.423798
ARACOIABA DA SERRA;2017;3;FEMININO;MADRUGADA;OUTROS;MOTOCICLETA;0-17;-23.5386957187;-47.7119819165
ARACOIABA DA SERRA;2017;3;MASCULINO;TARDE;NAO DISPONIVEL;CAMINHAO;55-59;-23.5309077066;-47.6293710334
ARAMINA;2017;3;MASCULINO;NOITE;COLISAO;AUTOMOVEL;50-54;-20.067599306;-47.788551787
ARARAQUARA;2017;3;MASCULINO;MADRUGADA;COLISAO;CAMINHAO;50-54;-21.8819267183;-48.0875003978
ARARAQUARA;2017;3;MASCULINO;NAO DISPONIVEL;NAO DISPONIVEL;NAO DISPONIVEL;30-34;NAO DISPONIVEL;NAO DISPONIVEL 
ARARAS;2017;3;FEMININO;MANHA;OUTROS;BICICLETA;60-64;NAO DISPONIVEL;NAO DISPONIVEL 
ARARAS;2017;3;MASCULINO;MADRUGADA;OUTROS;MOTOCICLETA;40-44;-22.359204;-47.393281
ARARAS;2017;3;MASCULINO;TARDE;CHOQUE;MOTOCICLETA;18-24;-22.355755;-47.324731
ARUJA;2017;3;MASCULINO;MADRUGADA;ATROPELAMENTO;AUTOMOVEL;65-69;-23.4076923275;-46.3379311281
ARUJA;2017;3;MASCULINO;NOITE;ATROPELAMENTO;PEDESTRE;50-54;-23.3936950787;-46.2868751324
ARUJA;2017;3;MASCULINO;NOITE;COLISAO;MOTOCICLETA;35-39;-23.4265610311;-46.2802803936
ATIBAIA;2017;3;MASCULINO;TARDE;COLISAO;MOTOCICLETA;25-29;-23.14053;-46.581145
AVANHANDAVA;2017;3;MASCULINO;MADRUGADA;NAO DISPONIVEL;MOTOCICLETA;18-24;NAO DISPONIVEL;NAO DISPONIVEL 
AVARE;2017;3;FEMININO;NOITE;COLISAO;MOTOCICLETA;30-34;-23.115723008;-48.940260318
BARRA BONITA;2017;3;MASCULINO;MANHA;COLISAO;AUTOMOVEL;40-44;-22.450357;-48.521734
BARRA DO TURVO;2017;3;MASCULINO;NAO DISPONIVEL;OUTROS;OUTROS;30-34;-24.9608284755;-48.4156349996
BARUERI;2017;3;FEMININO;TARDE;ATROPELAMENTO;PEDESTRE;60-64;-23.502488;-46.878533
BARUERI;2017;3;MASCULINO;MANHA;ATROPELAMENTO;PEDESTRE;50-54;-23.5039939349;-46.8778957169
BARUERI;2017;3;MASCULINO;MANHA;CHOQUE;AUTOMOVEL;70-74;-23.490785;-46.95453
BARUERI;2017;3;MASCULINO;NOITE;ATROPELAMENTO;PEDESTRE;NAO DISPONIVEL;-23.510317;-46.835604
BAURU;2017;3;MASCULINO;TARDE;COLISAO;MOTOCICLETA;25-29;-22.2970368036;-49.1093436358
BERTIOGA;2017;3;FEMININO;MANHA;OUTROS;AUTOMOVEL;40-44;-23.79439;-46.050918
BERTIOGA;2017;3;MASCULINO;MANHA;OUTROS;CAMINHAO;40-44;-23.7776885368;-45.9682963839
BERTIOGA;2017;3;MASCULINO;NAO DISPONIVEL;NAO DISPONIVEL;NAO DISPONIVEL;18-24;NAO DISPONIVEL;NAO DISPONIVEL 
BERTIOGA;2017;3;MASCULINO;TARDE;COLISAO;MOTOCICLETA;55-59;-23.7827880283;-46.0577294631
Bertioga;2017;3;MASCULINO;TARDE;NAO DISPONIVEL;NAO DISPONIVEL;18-24;NAO DISPONIVEL;NAO DISPONIVEL 
BIRITIBA MIRIM;2017;3;MASCULINO;MADRUGADA;COLISAO;BICICLETA;18-24;-23.576771;-46.038501
BOM JESUS DOS PERDOES;2017;3;MASCULINO;NOITE;COLISAO;AUTOMOVEL;35-39;-23.1252081831;-46.4692255511
BOM JESUS DOS PERDOES;2017;3;MASCULINO;NOITE;COLISAO;AUTOMOVEL;40-44;-23.1252081831;-46.4692255511
BRAGANCA PAULISTA;2017;3;MASCULINO;NOITE;ATROPELAMENTO;PEDESTRE;30-34;-22.9347271654;-46.5564403706
BURITIZAL;2017;3;MASCULINO;MANHA;COLISAO;MOTOCICLETA;25-29;-20.205248;-47.741209
CABREUVA;2017;3;MASCULINO;NOITE;ATROPELAMENTO;PEDESTRE;45-49;-23.284374143;-47.128296725
CACHOEIRA PAULISTA;2017;3;MASCULINO;NOITE;ATROPELAMENTO;PEDESTRE;30-34;-22.671473;-45.024336
CAIEIRAS;2017;3;MASCULINO;NOITE;ATROPELAMENTO;PEDESTRE;50-54;-23.3669817925;-46.7520660225
CAJAMAR;2017;3;MASCULINO;MADRUGADA;COLISAO;CAMINHAO;40-44;-23.3372982204;-46.8239281328
CAJAMAR;2017;3;MASCULINO;MANHA;CHOQUE;AUTOMOVEL;45-49;-23.288188967;-46.847215891
CAJAMAR;2017;3;MASCULINO;NOITE;COLISAO;MOTOCICLETA;18-24;-23.344925356;-46.840928793
CAJATI;2017;3;MASCULINO;MADRUGADA;CHOQUE;CAMINHAO;55-59;-24.8405391573;-48.2132162069
CAJATI;2017;3;MASCULINO;MADRUGADA;CHOQUE;PEDESTRE;35-39;-24.8937617489;-48.2360149506
CAJATI;2017;3;MASCULINO;MADRUGADA;NAO DISPONIVEL;NAO DISPONIVEL;45-49;-24.8891566137;-48.228731257
CAMPINAS;2017;3;FEMININO;MADRUGADA;ATROPELAMENTO;PEDESTRE;55-59;-22.870513;-47.14127
CAMPINAS;2017;3;FEMININO;TARDE;COLISAO;NAO DISPONIVEL;65-69;-23.031053;-47.114355
CAMPINAS;2017;3;MASCULINO;MADRUGADA;ATROPELAMENTO;PEDESTRE;40-44;NAO DISPONIVEL;NAO DISPONIVEL 
CAMPINAS;2017;3;MASCULINO;MANHA;ATROPELAMENTO;PEDESTRE;50-54;-22.915047536;-47.0662084025
CAMPINAS;2017;3;MASCULINO;NAO DISPONIVEL;ATROPELAMENTO;PEDESTRE;18-24;-22.925179;-47.126993
CAMPINAS;2017;3;MASCULINO;NOITE;NAO DISPONIVEL;NAO DISPONIVEL;50-54;NAO DISPONIVEL;NAO DISPONIVEL 
CAMPINAS;2017;3;MASCULINO;TARDE;ATROPELAMENTO;PEDESTRE;40-44;-22.947271;-47.186595
CAMPINAS;2017;3;MASCULINO;TARDE;CHOQUE;MOTOCICLETA;25-29;-23.0308914881;-47.1142509304
CAMPO LIMPO PAULISTA;2017;3;MASCULINO;MADRUGADA;COLISAO;AUTOMOVEL;18-24;-23.225822111;-46.773667178
CAMPOS NOVOS PAULISTA;2017;3;MASCULINO;TARDE;CHOQUE;AUTOMOVEL;25-29;-22.70008;-50.034169
CAMPOS NOVOS PAULISTA;2017;3;MASCULINO;TARDE;OUTROS;CAMINHAO;30-34;-22.646041;-49.970405
CANANEIA;2017;3;MASCULINO;MADRUGADA;OUTROS;AUTOMOVEL;35-39;-24.961036;-47.911167
CANAS;2017;3;MASCULINO;MADRUGADA;OUTROS;MOTOCICLETA;25-29;-22.7123571653;-45.0517935424
CANDIDO MOTA;2017;3;FEMININO;NOITE;COLISAO;AUTOMOVEL;45-49;-22.7140759702;-50.3028250689
CANDIDO MOTA;2017;3;FEMININO;NOITE;COLISAO;AUTOMOVEL;65-69;-22.7140759702;-50.3028250689
CANDIDO MOTA;2017;3;MASCULINO;NOITE;COLISAO;AUTOMOVEL;50-54;-22.7140759702;-50.3028250689
CANDIDO MOTA;2017;3;MASCULINO;NOITE;COLISAO;AUTOMOVEL;65-69;-22.7140759702;-50.3028250689
CAPAO BONITO;2017;3;FEMININO;NOITE;COLISAO;AUTOMOVEL;45-49;-23.964192853;-48.39573503
CAPAO BONITO;2017;3;FEMININO;NOITE;COLISAO;AUTOMOVEL;70-74;-23.964192853;-48.39573503
CAPAO BONITO;2017;3;FEMININO;TARDE;NAO DISPONIVEL;AUTOMOVEL;25-29;-24.0340654967;-48.3487338527
CARAGUATATUBA;2017;3;MASCULINO;TARDE;COLISAO;BICICLETA;55-59;-23.711314;-45.442333
CARAPICUIBA;2017;3;FEMININO;MADRUGADA;ATROPELAMENTO;PEDESTRE;65-69;-23.552171;-46.825223
CARAPICUIBA;2017;3;FEMININO;TARDE;COLISAO;MOTOCICLETA;50-54;-23.524116;-46.83028
CARAPICUIBA;2017;3;MASCULINO;MADRUGADA;COLISAO;MOTOCICLETA;35-39;-23.557615;-46.843041
CARAPICUIBA;2017;3;MASCULINO;MANHA;COLISAO;MOTOCICLETA;40-44;-23.520088;-46.856209
CATANDUVA;2017;3;FEMININO;MANHA;COLISAO;AUTOMOVEL;50-54;-21.17051;-48.9731
CATANDUVA;2017;3;MASCULINO;NAO DISPONIVEL;OUTROS;AUTOMOVEL;40-44;-21.164605;-48.98852
CATANDUVA;2017;3;MASCULINO;NOITE;ATROPELAMENTO;PEDESTRE;45-49;-21.140335;-48.953988
CEDRAL;2017;3;MASCULINO;MADRUGADA;ATROPELAMENTO;MOTOCICLETA;50-54;-20.917718;-49.293726
CEDRAL;2017;3;MASCULINO;NAO DISPONIVEL;OUTROS;AUTOMOVEL;0-17;-20.913307;-49.265201
CESARIO LANGE;2017;3;FEMININO;NOITE;COLISAO;MOTOCICLETA;0-17;-23.2060857088;-47.946329498
COLINA;2017;3;MASCULINO;NOITE;COLISAO;BICICLETA;45-49;-20.724074;-48.528934
CONCHAS;2017;3;MASCULINO;MANHA;CHOQUE;MOTOCICLETA;18-24;-23.022932;-48.01154
CONCHAS;2017;3;MASCULINO;NOITE;ATROPELAMENTO;PEDESTRE;75-79;-23.016972;-48.002521
COSMORAMA;2017;3;MASCULINO;NOITE;COLISAO;AUTOMOVEL;50-54;-20.4938580789;-49.7889106939
COTIA;2017;3;FEMININO;MADRUGADA;CHOQUE;AUTOMOVEL;55-59;-23.606114;-46.864747
COTIA;2017;3;MASCULINO;MADRUGADA;ATROPELAMENTO;PEDESTRE;70-74;NAO DISPONIVEL;NAO DISPONIVEL 
COTIA;2017;3;MASCULINO;NOITE;COLISAO;MOTOCICLETA;35-39;-23.6072317029;-46.9495537476
COTIA;2017;3;MASCULINO;NOITE;NAO DISPONIVEL;MOTOCICLETA;25-29;-23.600766;-46.859746
CRAVINHOS;2017;3;FEMININO;NOITE;ATROPELAMENTO;PEDESTRE;18-24;-21.3689833174;-47.7143609074
CUBATAO;2017;3;FEMININO;TARDE;COLISAO;AUTOMOVEL;80 ou mais;-23.9006802521;-46.4540881768
DIADEMA;2017;3;MASCULINO;NOITE;ATROPELAMENTO;PEDESTRE;40-44;-23.6737178249;-46.6292903677
DIADEMA;2017;3;MASCULINO;TARDE;ATROPELAMENTO;PEDESTRE;18-24;-23.706374;-46.599596
DIADEMA;2017;3;MASCULINO;TARDE;COLISAO;MOTOCICLETA;35-39;-23.7190105868;-46.6280489841
DIADEMA;2017;3;MASCULINO;TARDE;COLISAO;MOTOCICLETA;40-44;-23.6815884062;-46.6102336432
EMBU DAS ARTES;2017;3;MASCULINO;NOITE;CHOQUE;AUTOMOVEL;30-34;NAO DISPONIVEL;NAO DISPONIVEL 
EMBU DAS ARTES;2017;3;NAO DISPONIVEL;MADRUGADA;COLISAO;AUTOMOVEL;NAO DISPONIVEL;-23.6829825045;-46.8584328215
ESPIRITO SANTO DO PINHAL;2017;3;FEMININO;TARDE;ATROPELAMENTO;PEDESTRE;45-49;-22.1889006581;-46.7668925626
ESTRELA DO NORTE;2017;3;MASCULINO;MADRUGADA;OUTROS;AUTOMOVEL;18-24;-22.486656;-51.669552
FARTURA;2017;3;FEMININO;NOITE;CHOQUE;MOTOCICLETA;50-54;-23.3168267989;-49.4703470677
FERNANDOPOLIS;2017;3;MASCULINO;MADRUGADA;ATROPELAMENTO;PEDESTRE;65-69;-20.265054;-50.246393
Ferraz de Vasconcelos;2017;3;MASCULINO;MANHA;ATROPELAMENTO;PEDESTRE;50-54;NAO DISPONIVEL;NAO DISPONIVEL 
FERRAZ DE VASCONCELOS;2017;3;NAO DISPONIVEL;TARDE;OUTROS;MOTOCICLETA;25-29;-23.556762;-46.376559
FLOREAL;2017;3;FEMININO;TARDE;CHOQUE;AUTOMOVEL;0-17;-20.6776613316;-50.1533021367
FRANCA;2017;3;MASCULINO;MADRUGADA;COLISAO;AUTOMOVEL;30-34;-20.4961626719;-47.40684096
FRANCA;2017;3;MASCULINO;MADRUGADA;COLISAO;BICICLETA;60-64;-20.543754;-47.374861
FRANCA;2017;3;MASCULINO;NOITE;COLISAO;BICICLETA;70-74;-20.483328;-47.402523
FRANCO DA ROCHA;2017;3;MASCULINO;MANHA;OUTROS;MOTOCICLETA;18-24;-23.3331645606;-46.7195586174
FRANCO DA ROCHA;2017;3;MASCULINO;TARDE;COLISAO;MOTOCICLETA;35-39;-23.3136320656;-46.7569955772
GUAPIACU;2017;3;MASCULINO;MADRUGADA;OUTROS;MOTOCICLETA;45-49;-20.84152;-49.214094
GUAPIARA;2017;3;MASCULINO;NAO DISPONIVEL;NAO DISPONIVEL;MOTOCICLETA;0-17;NAO DISPONIVEL;NAO DISPONIVEL 
GUARAREMA;2017;3;MASCULINO;MADRUGADA;NAO DISPONIVEL;AUTOMOVEL;18-24;-23.419026;-46.003052
GUARATINGUETA;2017;3;MASCULINO;MADRUGADA;NAO DISPONIVEL;NAO DISPONIVEL;45-49;NAO DISPONIVEL;NAO DISPONIVEL 
GUARATINGUETA;2017;3;MASCULINO;MANHA;ATROPELAMENTO;PEDESTRE;18-24;-22.7740847628;-45.1375561628
GUARUJA;2017;3;MASCULINO;MANHA;ATROPELAMENTO;MOTOCICLETA;18-24;-23.977829;-46.272337
GUARUJA;2017;3;MASCULINO;NOITE;COLISAO;BICICLETA;18-24;-23.975199926;-46.274567551
GUARUJA;2017;3;MASCULINO;TARDE;COLISAO;MOTOCICLETA;45-49;-23.941155;-46.291198
GUARUJA;2017;3;MASCULINO;TARDE;OUTROS;MOTOCICLETA;35-39;NAO DISPONIVEL;NAO DISPONIVEL 
GUARULHOS;2017;3;FEMININO;NOITE;ATROPELAMENTO;PEDESTRE;75-79;-23.460038822;-46.5224954407
GUARULHOS;2017;3;FEMININO;TARDE;ATROPELAMENTO;PEDESTRE;55-59;-23.469763;-46.52243
GUARULHOS;2017;3;MASCULINO;MANHA;ATROPELAMENTO;PEDESTRE;50-54;-23.446412;-46.534194
GUARULHOS;2017;3;MASCULINO;MANHA;COLISAO;AUTOMOVEL;75-79;-23.451476;-46.508555
GUARULHOS;2017;3;MASCULINO;NAO DISPONIVEL;CHOQUE;MOTOCICLETA;18-24;-23.475965;-46.438435
GUARULHOS;2017;3;MASCULINO;NOITE;ATROPELAMENTO;PEDESTRE;30-34;-23.457861;-46.530469
GUARULHOS;2017;3;MASCULINO;NOITE;COLISAO;MOTOCICLETA;30-34;-23.4878005008;-46.5440180278
HORTOLANDIA;2017;3;MASCULINO;NOITE;ATROPELAMENTO;PEDESTRE;50-54;-22.892328769;-47.1741468459
IBIUNA;2017;3;MASCULINO;MADRUGADA;ATROPELAMENTO;PEDESTRE;35-39;-23.6590953986;-47.2240336394
IBIUNA;2017;3;MASCULINO;NOITE;COLISAO;AUTOMOVEL;40-44;-23.6919;-47.2216
IGARATA;2017;3;MASCULINO;NOITE;ATROPELAMENTO;PEDESTRE;50-54;-23.2071386475;-46.1589847005
IGUAPE;2017;3;MASCULINO;NOITE;NAO DISPONIVEL;NAO DISPONIVEL;55-59;NAO DISPONIVEL;NAO DISPONIVEL 
IGUAPE;2017;3;MASCULINO;NOITE;OUTROS;MOTOCICLETA;35-39;-24.708081;-47.576319
INDAIATUBA;2017;3;MASCULINO;NOITE;ATROPELAMENTO;PEDESTRE;35-39;-23.1048724692;-47.2013963481
INDAIATUBA;2017;3;MASCULINO;NOITE;COLISAO;MOTOCICLETA;35-39;-23.098498;-47.275151
INDAIATUBA;2017;3;MASCULINO;TARDE;COLISAO;BICICLETA;65-69;NAO DISPONIVEL;NAO DISPONIVEL 
INDAIATUBA;2017;3;MASCULINO;TARDE;COLISAO;MOTOCICLETA;40-44;-23.113702;-47.218629
INDIANA;2017;3;MASCULINO;NOITE;COLISAO;MOTOCICLETA;18-24;-22.176776;-51.256355
ITABERA;2017;3;MASCULINO;TARDE;COLISAO;MOTOCICLETA;NAO DISPONIVEL;-24.0146772607;-49.1352693077
ITAJOBI;2017;3;MASCULINO;MADRUGADA;ATROPELAMENTO;AUTOMOVEL;60-64;-21.2908070358;-49.0378139934
ITAPECERICA DA SERRA;2017;3;MASCULINO;NOITE;ATROPELAMENTO;PEDESTRE;0-17;-23.7445959551;-46.8997626346
ITAPECERICA DA SERRA;2017;3;MASCULINO;NOITE;ATROPELAMENTO;PEDESTRE;NAO DISPONIVEL;-23.6923605028;-46.8633276596
ITAPECERICA DA SERRA;2017;3;MASCULINO;TARDE;COLISAO;AUTOMOVEL;40-44;-23.7285883937;-46.8458670043
ITAPETININGA;2017;3;MASCULINO;MADRUGADA;ATROPELAMENTO;PEDESTRE;45-49;-23.6138866869;-48.0865248858
ITAPETININGA;2017;3;MASCULINO;NOITE;CHOQUE;MOTOCICLETA;18-24;-23.577412;-48.013234
ITAPETININGA;2017;3;MASCULINO;NOITE;COLISAO;MOTOCICLETA;45-49;-23.618991667;-48.082063889
ITAPEVA;2017;3;MASCULINO;MANHA;COLISAO;MOTOCICLETA;0-17;-23.96502086;-48.9333901923
ITAPEVA;2017;3;MASCULINO;MANHA;COLISAO;MOTOCICLETA;0-17;-23.96502086;-48.9333901923
ITAPEVA;2017;3;MASCULINO;TARDE;COLISAO;CAMINHAO;55-59;-23.9987277859;-48.9417884528
ITAPEVI;2017;3;FEMININO;MANHA;ATROPELAMENTO;PEDESTRE;65-69;-23.550578;-46.938013
ITAPIRA;2017;3;MASCULINO;NAO DISPONIVEL;COLISAO;MOTOCICLETA;50-54;-22.4529;-46.8078
ITAPIRA;2017;3;MASCULINO;TARDE;COLISAO;MOTOCICLETA;18-24;-22.3945;-46.7468
ITAPIRA;2017;3;MASCULINO;TARDE;OUTROS;CAMINHAO;60-64;-22.404317;-46.82941
ITAPIRAPUA PAULISTA;2017;3;MASCULINO;MANHA;COLISAO;AUTOMOVEL;70-74;-24.483994;-49.220317
ITAPOLIS;2017;3;MASCULINO;MANHA;COLISAO;AUTOMOVEL;18-24;-21.5130283584;-48.6702599711
ITAPUI;2017;3;MASCULINO;NOITE;COLISAO;MOTOCICLETA;45-49;-22.297947;-48.692094
ITAQUAQUECETUBA;2017;3;FEMININO;MADRUGADA;OUTROS;MOTOCICLETA;18-24;-23.497909032;-46.3550180408
ITAQUAQUECETUBA;2017;3;MASCULINO;MADRUGADA;OUTROS;MOTOCICLETA;25-29;-23.497909032;-46.3550180408
ITAQUAQUECETUBA;2017;3;MASCULINO;NOITE;ATROPELAMENTO;PEDESTRE;40-44;-23.493245252;-46.3603343944
ITAQUAQUECETUBA;2017;3;MASCULINO;NOITE;COLISAO;AUTOMOVEL;35-39;-23.480216;-46.352207
ITAQUAQUECETUBA;2017;3;MASCULINO;TARDE;NAO DISPONIVEL;NAO DISPONIVEL;50-54;-23.498907;-46.349669
ITARARE;2017;3;MASCULINO;NAO DISPONIVEL;ATROPELAMENTO;PEDESTRE;40-44;-24.1154257947;-49.3626848986
ITATIBA;2017;3;MASCULINO;MANHA;NAO DISPONIVEL;MOTOCICLETA;35-39;-23.0210846152;-46.8424095188
ITATIBA;2017;3;MASCULINO;NOITE;OUTROS;MOTOCICLETA;18-24;-23.026342;-46.83826
ITIRAPINA;2017;3;MASCULINO;MANHA;COLISAO;MOTOCICLETA;25-29;-22.25542;-47.84528
ITU;2017;3;FEMININO;NOITE;ATROPELAMENTO;PEDESTRE;40-44;-23.3723052787;-47.3233143416
ITU;2017;3;MASCULINO;MADRUGADA;CHOQUE;AUTOMOVEL;18-24;-23.262293;-47.29304
ITU;2017;3;MASCULINO;NAO DISPONIVEL;ATROPELAMENTO;PEDESTRE;60-64;-23.415683481;-47.257704264
ITU;2017;3;MASCULINO;NAO DISPONIVEL;COLISAO;BICICLETA;40-44;NAO DISPONIVEL;NAO DISPONIVEL 
ITU;2017;3;MASCULINO;NOITE;ATROPELAMENTO;PEDESTRE;0-17;-23.2553441452;-47.2089214853
ITUVERAVA;2017;3;MASCULINO;NOITE;ATROPELAMENTO;PEDESTRE;NAO DISPONIVEL;-20.254637757;-47.859143171
JACAREI;2017;3;MASCULINO;MANHA;COLISAO;BICICLETA;35-39;-23.2750683308;-45.9745098359
JAGUARIUNA;2017;3;MASCULINO;NOITE;OUTROS;CAMINHAO;45-49;-22.7090187624;-46.9707417332
JAGUARIUNA;2017;3;MASCULINO;TARDE;COLISAO;MOTOCICLETA;25-29;-22.701184;-46.982716
JALES;2017;3;MASCULINO;NOITE;ATROPELAMENTO;PEDESTRE;80 ou mais;-20.2605815537;-50.5475222316
JAU;2017;3;FEMININO;NOITE;ATROPELAMENTO;PEDESTRE;0-17;-22.328668;-48.545815
JAU;2017;3;MASCULINO;NOITE;COLISAO;AUTOMOVEL;30-34;-22.365834754;-48.5166663395
JAU;2017;3;MASCULINO;TARDE;ATROPELAMENTO;PEDESTRE;75-79;-22.297676;-48.556545
JOANOPOLIS;2017;3;MASCULINO;NAO DISPONIVEL;COLISAO;CAMINHAO;45-49;-23.302894015;-46.572657367
JOANOPOLIS;2017;3;MASCULINO;NAO DISPONIVEL;COLISAO;CAMINHAO;45-49;-23.302894015;-46.572657367
JOSE BONIFACIO;2017;3;MASCULINO;NOITE;COLISAO;MOTOCICLETA;55-59;-21.113202;-49.798848
JOSE BONIFACIO;2017;3;MASCULINO;NOITE;OUTROS;MOTOCICLETA;25-29;-21.1469286819;-49.8842630291
JULIO MESQUITA;2017;3;MASCULINO;MADRUGADA;COLISAO;AUTOMOVEL;25-29;-22.0132655173;-49.7671510605
JUMIRIM;2017;3;MASCULINO;MANHA;OUTROS;MOTOCICLETA;25-29;-23.0869732499;-47.7817740591
JUNDIAI;2017;3;FEMININO;NOITE;ATROPELAMENTO;PEDESTRE;NAO DISPONIVEL;-23.1843679762;-46.9331551506
JUNDIAI;2017;3;FEMININO;NOITE;COLISAO;MOTOCICLETA;25-29;-23.163150481;-46.877351187
JUNDIAI;2017;3;MASCULINO;MADRUGADA;ATROPELAMENTO;PEDESTRE;60-64;-23.230639;-46.87295
JUNDIAI;2017;3;MASCULINO;NAO DISPONIVEL;NAO DISPONIVEL;NAO DISPONIVEL;45-49;NAO DISPONIVEL;NAO DISPONIVEL 
JUNDIAI;2017;3;MASCULINO;TARDE;OUTROS;MOTOCICLETA;18-24;-23.1856956291;-46.8633559878
JUNDIAI;2017;3;MASCULINO;TARDE;OUTROS;MOTOCICLETA;35-39;-23.27921;-46.848277
LAVINIA;2017;3;MASCULINO;TARDE;COLISAO;BICICLETA;75-79;-21.16989;-51.042083
LEME;2017;3;MASCULINO;NOITE;COLISAO;AUTOMOVEL;35-39;-22.148586511;-47.411015718
LIMEIRA;2017;3;MASCULINO;MADRUGADA;OUTROS;CAMINHAO;55-59;-22.542639284;-47.460159659
LIMEIRA;2017;3;MASCULINO;NOITE;ATROPELAMENTO;PEDESTRE;45-49;-22.529694;-47.386737
LIMEIRA;2017;3;MASCULINO;NOITE;COLISAO;AUTOMOVEL;30-34;-22.6313069744;-47.2935953826
LIMEIRA;2017;3;MASCULINO;NOITE;COLISAO;AUTOMOVEL;65-69;-22.584968;-47.40054
LIMEIRA;2017;3;MASCULINO;TARDE;COLISAO;ONIBUS;40-44;-22.623894674;-47.342845201
LIMEIRA;2017;3;NAO DISPONIVEL;NOITE;NAO DISPONIVEL;AUTOMOVEL;60-64;-22.605426;-47.413383
LORENA;2017;3;MASCULINO;NOITE;COLISAO;BICICLETA;NAO DISPONIVEL;-22.6951272744;-45.1220914567
LOUVEIRA;2017;3;MASCULINO;MANHA;COLISAO;MOTOCICLETA;18-24;-23.087892;-46.964628
LUTECIA;2017;3;MASCULINO;NOITE;COLISAO;BICICLETA;60-64;-22.3582634038;-50.4249608424
MACATUBA;2017;3;FEMININO;MADRUGADA;COLISAO;AUTOMOVEL;30-34;-22.4426875286;-48.728010279
MACATUBA;2017;3;MASCULINO;MADRUGADA;COLISAO;AUTOMOVEL;60-64;-22.4426875286;-48.728010279
MAIRIPORA;2017;3;MASCULINO;MADRUGADA;ATROPELAMENTO;PEDESTRE;25-29;-23.309298;-46.573756
MARILIA;2017;3;MASCULINO;NOITE;COLISAO;MOTOCICLETA;25-29;-22.2381197923;-49.9743549782
MARILIA;2017;3;MASCULINO;TARDE;COLISAO;AUTOMOVEL;70-74;-22.1744499805;-49.979728715
MAUA;2017;3;MASCULINO;NAO DISPONIVEL;OUTROS;MOTOCICLETA;0-17;-23.661934;-46.459326
MIGUELOPOLIS;2017;3;MASCULINO;MANHA;COLISAO;MOTOCICLETA;55-59;-20.19982;-48.034383
MIRASSOL;2017;3;FEMININO;TARDE;COLISAO;AUTOMOVEL;50-54;-20.9397220088;-49.5256490221
MIRASSOL;2017;3;MASCULINO;TARDE;COLISAO;AUTOMOVEL;55-59;-20.9397220088;-49.5256490221
MIRASSOL;2017;3;MASCULINO;TARDE;OUTROS;MOTOCICLETA;30-34;-20.808475398;-49.507119767
MOCOCA;2017;3;MASCULINO;NOITE;ATROPELAMENTO;PEDESTRE;0-17;NAO DISPONIVEL;NAO DISPONIVEL 
MOGI DAS CRUZES;2017;3;MASCULINO;NOITE;COLISAO;AUTOMOVEL;40-44;-23.6127871182;-46.2552170776
MOGI DAS CRUZES;2017;3;MASCULINO;TARDE;ATROPELAMENTO;PEDESTRE;55-59;-23.561915;-46.186609
MOGI GUACU;2017;3;FEMININO;MANHA;ATROPELAMENTO;PEDESTRE;55-59;-22.397327;-46.947505
MOGI GUACU;2017;3;MASCULINO;MADRUGADA;CHOQUE;MOTOCICLETA;25-29;-22.3394301985;-46.9578707086
MOGI GUACU;2017;3;MASCULINO;NOITE;OUTROS;AUTOMOVEL;0-17;-22.315533;-46.842863
MOGI MIRIM;2017;3;MASCULINO;MANHA;OUTROS;CAMINHAO;40-44;-22.5003578458;-46.9843105663
MONGAGUA;2017;3;FEMININO;NOITE;OUTROS;AUTOMOVEL;75-79;-24.1125575927;-46.6594679411
MONTE ALTO;2017;3;MASCULINO;MANHA;COLISAO;BICICLETA;18-24;-21.2611011465;-48.4564711308
MONTE AZUL PAULISTA;2017;3;MASCULINO;NOITE;COLISAO;AUTOMOVEL;35-39;-20.8951525583;-48.6212802195
NOVA INDEPENDENCIA;2017;3;MASCULINO;NOITE;COLISAO;AUTOMOVEL;30-34;-21.1708350546;-51.4789446672
OLIMPIA;2017;3;MASCULINO;MANHA;COLISAO;BICICLETA;0-17;-20.729332;-48.911618
OLIMPIA;2017;3;MASCULINO;TARDE;COLISAO;AUTOMOVEL;50-54;-20.7013950182;-48.9414149622
ONDA VERDE;2017;3;MASCULINO;NAO DISPONIVEL;COLISAO;MOTOCICLETA;25-29;-20.6580465066;-49.3411761193
ORIENTE;2017;3;MASCULINO;MADRUGADA;COLISAO;MOTOCICLETA;25-29;-22.1418868485;-50.1087354067
ORINDIUVA;2017;3;MASCULINO;MANHA;OUTROS;MOTOCICLETA;40-44;-20.1285260554;-49.3392973366
OSASCO;2017;3;FEMININO;MADRUGADA;ATROPELAMENTO;PEDESTRE;80 ou mais;NAO DISPONIVEL;NAO DISPONIVEL 
OSASCO;2017;3;MASCULINO;NOITE;ATROPELAMENTO;PEDESTRE;65-69;-23.494942;-46.797996
OSASCO;2017;3;MASCULINO;NOITE;ATROPELAMENTO;PEDESTRE;75-79;-23.551544;-46.779069
OSASCO;2017;3;MASCULINO;NOITE;ATROPELAMENTO;PEDESTRE;NAO DISPONIVEL;-23.5202427707;-46.7793461132
OSASCO;2017;3;MASCULINO;NOITE;COLISAO;MOTOCICLETA;0-17;-23.529472;-46.805763
OSASCO;2017;3;MASCULINO;TARDE;CHOQUE;AUTOMOVEL;40-44;-23.5211397813;-46.7850844013
OSASCO;2017;3;MASCULINO;TARDE;CHOQUE;AUTOMOVEL;75-79;-23.560372;-46.787643
OURINHOS;2017;3;MASCULINO;NOITE;COLISAO;BICICLETA;60-64;-22.982755;-49.865246
PALMEIRA D OESTE;2017;3;FEMININO;TARDE;OUTROS;AUTOMOVEL;50-54;-20.406975321;-50.76455162
PARIQUERA-ACU;2017;3;MASCULINO;NOITE;ATROPELAMENTO;PEDESTRE;18-24;-24.7256022945;-47.8774003234
PAULINIA;2017;3;MASCULINO;NOITE;ATROPELAMENTO;PEDESTRE;45-49;-22.73984163;-47.1585907008
PEDERNEIRAS;2017;3;MASCULINO;NOITE;OUTROS;AUTOMOVEL;45-49;-22.33049;-48.9196
PEDREIRA;2017;3;MASCULINO;NAO DISPONIVEL;COLISAO;MOTOCICLETA;18-24;-22.740928087;-46.895584999
PEREIRA BARRETO;2017;3;MASCULINO;NOITE;COLISAO;BICICLETA;50-54;-20.630524;-51.101841
PERUIBE;2017;3;FEMININO;TARDE;COLISAO;MOTOCICLETA;18-24;-24.285179;-46.965883
PERUIBE;2017;3;MASCULINO;NOITE;ATROPELAMENTO;PEDESTRE;NAO DISPONIVEL;-24.2628461076;-46.9494944494
PIEDADE;2017;3;MASCULINO;MANHA;COLISAO;MOTOCICLETA;35-39;-23.759041896;-47.4639464832
PIEDADE;2017;3;MASCULINO;NAO DISPONIVEL;COLISAO;MOTOCICLETA;25-29;-23.794232;-47.569913
PILAR DO SUL;2017;3;MASCULINO;TARDE;COLISAO;MOTOCICLETA;35-39;-23.8265819596;-47.7068866969
PINDAMONHANGABA;2017;3;MASCULINO;NOITE;ATROPELAMENTO;PEDESTRE;50-54;-22.9695167869;-45.4387591757
PIRACICABA;2017;3;MASCULINO;MADRUGADA;CHOQUE;AUTOMOVEL;18-24;-22.7337511819;-47.5526913909
PIRACICABA;2017;3;MASCULINO;MANHA;COLISAO;BICICLETA;75-79;-22.6577759334;-47.7869150355
Piracicaba;2017;3;MASCULINO;NOITE;NAO DISPONIVEL;NAO DISPONIVEL;65-69;NAO DISPONIVEL;NAO DISPONIVEL 
PIRACICABA;2017;3;MASCULINO;NOITE;OUTROS;MOTOCICLETA;35-39;-22.7655354835;-47.6455527638
PIRACICABA;2017;3;MASCULINO;NOITE;OUTROS;MOTOCICLETA;40-44;-22.755074;-47.647082
PIRACICABA;2017;3;MASCULINO;TARDE;CHOQUE;MOTOCICLETA;30-34;-22.695697;-47.669106
PIRAJU;2017;3;MASCULINO;NOITE;COLISAO;AUTOMOVEL;35-39;-23.2834334646;-49.2257933512
PONTAL;2017;3;MASCULINO;NOITE;COLISAO;BICICLETA;18-24;-20.881508;-47.976114
PORTO FELIZ;2017;3;MASCULINO;MADRUGADA;COLISAO;AUTOMOVEL;45-49;-23.3332268428;-47.5530093667
PRAIA GRANDE;2017;3;FEMININO;MANHA;ATROPELAMENTO;PEDESTRE;80 ou mais;-24.033398;-46.500646
PRAIA GRANDE;2017;3;FEMININO;NOITE;ATROPELAMENTO;PEDESTRE;80 ou mais;-24.014446;-46.448554
PRAIA GRANDE;2017;3;MASCULINO;NOITE;ATROPELAMENTO;PEDESTRE;25-29;-24.012578576;-46.450091115
PRAIA GRANDE;2017;3;MASCULINO;NOITE;CHOQUE;MOTOCICLETA;45-49;-24.052182;-46.541268
PRAIA GRANDE;2017;3;MASCULINO;NOITE;COLISAO;BICICLETA;40-44;-24.044854;-46.525047
PRESIDENTE EPITACIO;2017;3;MASCULINO;NOITE;OUTROS;MOTOCICLETA;18-24;-21.774926;-52.119625
PRESIDENTE PRUDENTE;2017;3;MASCULINO;NAO DISPONIVEL;CHOQUE;MOTOCICLETA;18-24;-22.097918;-51.388497
PRESIDENTE PRUDENTE;2017;3;MASCULINO;NOITE;ATROPELAMENTO;PEDESTRE;55-59;-22.114155;-51.391578
PRESIDENTE PRUDENTE;2017;3;MASCULINO;NOITE;CHOQUE;MOTOCICLETA;18-24;-22.13615;-51.448313
PRESIDENTE PRUDENTE;2017;3;MASCULINO;NOITE;CHOQUE;MOTOCICLETA;45-49;-22.114186;-51.418524
PRESIDENTE PRUDENTE;2017;3;MASCULINO;NOITE;COLISAO;MOTOCICLETA;55-59;-22.0356383071;-51.4108561159
PRESIDENTE PRUDENTE;2017;3;MASCULINO;NOITE;NAO DISPONIVEL;NAO DISPONIVEL;30-34;NAO DISPONIVEL;NAO DISPONIVEL 
PRESIDENTE VENCESLAU;2017;3;MASCULINO;MANHA;COLISAO;CAMINHAO;35-39;-21.870106087;-51.830117286
PRESIDENTE VENCESLAU;2017;3;MASCULINO;TARDE;ATROPELAMENTO;PEDESTRE;35-39;-21.889815;-51.843322
PRESIDENTE VENCESLAU;2017;3;NAO DISPONIVEL;MANHA;COLISAO;CAMINHAO;NAO DISPONIVEL;-21.870106087;-51.830117286
RAFARD;2017;3;FEMININO;TARDE;ATROPELAMENTO;PEDESTRE;65-69;-23.011075;-47.526927
RANCHARIA;2017;3;MASCULINO;MADRUGADA;OUTROS;CAMINHAO;25-29;-22.4063147538;-51.0580483236
REGISTRO;2017;3;MASCULINO;MADRUGADA;ATROPELAMENTO;PEDESTRE;NAO DISPONIVEL;-24.5029461411;-47.8477286029
REGISTRO;2017;3;MASCULINO;TARDE;COLISAO;AUTOMOVEL;25-29;-24.5190048445;-47.8528965969
RESTINGA;2017;3;MASCULINO;TARDE;COLISAO;AUTOMOVEL;50-54;-20.6509712274;-47.4860942689
RIBEIRAO BONITO;2017;3;MASCULINO;MADRUGADA;OUTROS;AUTOMOVEL;18-24;-22.077865816;-48.176404584
RIBEIRAO PIRES;2017;3;MASCULINO;MADRUGADA;CHOQUE;AUTOMOVEL;18-24;-23.640169;-46.389994
RIBEIRAO PIRES;2017;3;MASCULINO;NOITE;ATROPELAMENTO;PEDESTRE;45-49;-23.6790594764;-46.3535190251
RIBEIRAO PIRES;2017;3;MASCULINO;NOITE;ATROPELAMENTO;PEDESTRE;50-54;-23.7172405346;-46.4015047396
RIBEIRAO PRETO;2017;3;FEMININO;NAO DISPONIVEL;ATROPELAMENTO;PEDESTRE;65-69;NAO DISPONIVEL;NAO DISPONIVEL 
RIBEIRAO PRETO;2017;3;MASCULINO;MADRUGADA;CHOQUE;MOTOCICLETA;18-24;-21.133387;-47.816052
RIBEIRAO PRETO;2017;3;MASCULINO;MADRUGADA;NAO DISPONIVEL;MOTOCICLETA;30-34;-21.17988;-47.83148
RIBEIRAO PRETO;2017;3;MASCULINO;MANHA;ATROPELAMENTO;PEDESTRE;50-54;NAO DISPONIVEL;NAO DISPONIVEL 
RIBEIRAO PRETO;2017;3;MASCULINO;NOITE;ATROPELAMENTO;PEDESTRE;35-39;-21.1206009401;-47.8336991948
RIBEIRAO PRETO;2017;3;MASCULINO;NOITE;COLISAO;AUTOMOVEL;35-39;-21.2077568703;-47.8549181888
RIBEIRAO PRETO;2017;3;MASCULINO;NOITE;COLISAO;MOTOCICLETA;25-29;-21.267083605;-47.7560474106
RIO CLARO;2017;3;MASCULINO;MANHA;COLISAO;MOTOCICLETA;40-44;-22.377321;-47.542379
RIO CLARO;2017;3;MASCULINO;NOITE;COLISAO;MOTOCICLETA;40-44;-22.380235;-47.575613
RIO DAS PEDRAS;2017;3;MASCULINO;NOITE;NAO DISPONIVEL;NAO DISPONIVEL;50-54;NAO DISPONIVEL;NAO DISPONIVEL 
RIOLANDIA;2017;3;FEMININO;NOITE;ATROPELAMENTO;PEDESTRE;0-17;-19.980885;-49.68522
SALES OLIVEIRA;2017;3;MASCULINO;NOITE;COLISAO;AUTOMOVEL;45-49;-20.813798;-47.906549
SALTO;2017;3;MASCULINO;TARDE;NAO DISPONIVEL;NAO DISPONIVEL;35-39;-23.1802908427;-47.3304176272
SALTO DE PIRAPORA;2017;3;MASCULINO;MANHA;COLISAO;MOTOCICLETA;18-24;-23.6252824866;-47.56282507
SALTO GRANDE;2017;3;MASCULINO;TARDE;COLISAO;AUTOMOVEL;80 ou mais;-22.8789530911;-49.8895560476
SALTO GRANDE;2017;3;MASCULINO;TARDE;OUTROS;CAMINHAO;45-49;-22.830754825;-50.0274447735
SANDOVALINA;2017;3;FEMININO;NAO DISPONIVEL;CHOQUE;AUTOMOVEL;40-44;NAO DISPONIVEL;NAO DISPONIVEL 
SANTA BARBARA D OESTE;2017;3;FEMININO;MANHA;ATROPELAMENTO;PEDESTRE;18-24;-22.763835174;-47.385981811
SANTA BARBARA D OESTE;2017;3;MASCULINO;MADRUGADA;OUTROS;MOTOCICLETA;25-29;-22.7230343816;-47.3644635822
SANTA CRUZ DA CONCEICAO;2017;3;MASCULINO;MANHA;COLISAO;MOTOCICLETA;30-34;-22.0791;-47.4222
SANTA CRUZ DO RIO PARDO;2017;3;MASCULINO;TARDE;COLISAO;AUTOMOVEL;30-34;-22.7336194348;-49.4635772072
SANTA GERTRUDES;2017;3;MASCULINO;NOITE;COLISAO;MOTOCICLETA;40-44;-22.45658;-47.54849
SANTA ISABEL;2017;3;FEMININO;NOITE;ATROPELAMENTO;PEDESTRE;50-54;-23.3776609942;-46.2538390531
SANTA ISABEL;2017;3;FEMININO;NOITE;ATROPELAMENTO;PEDESTRE;55-59;-23.3776609942;-46.2538390531
SANTANA DE PARNAIBA;2017;3;FEMININO;NOITE;ATROPELAMENTO;PEDESTRE;55-59;-23.4296030449;-46.8473154551
SANTO ANDRE;2017;3;MASCULINO;MANHA;ATROPELAMENTO;PEDESTRE;65-69;-23.693416;-46.530592
SANTO ANDRE;2017;3;MASCULINO;MANHA;ATROPELAMENTO;PEDESTRE;80 ou mais;-23.653582;-46.52942
SANTO ANDRE;2017;3;MASCULINO;MANHA;CHOQUE;AUTOMOVEL;30-34;NAO DISPONIVEL;NAO DISPONIVEL 
SANTO ANDRE;2017;3;MASCULINO;NOITE;NAO DISPONIVEL;NAO DISPONIVEL;25-29;-23.7688483566;-46.3829996373
SANTO ANTONIO DA ALEGRIA;2017;3;MASCULINO;NAO DISPONIVEL;ATROPELAMENTO;PEDESTRE;40-44;-21.0274563139;-47.2046070916
SANTOS;2017;3;FEMININO;MADRUGADA;COLISAO;MOTOCICLETA;NAO DISPONIVEL;-23.945829327;-46.321753448
SANTOS;2017;3;FEMININO;NOITE;ATROPELAMENTO;PEDESTRE;45-49;-23.964798;-46.323595
SANTOS;2017;3;MASCULINO;NAO DISPONIVEL;NAO DISPONIVEL;AUTOMOVEL;70-74;NAO DISPONIVEL;NAO DISPONIVEL 
SAO BENTO DO SAPUCAI;2017;3;FEMININO;MADRUGADA;OUTROS;AUTOMOVEL;65-69;NAO DISPONIVEL;NAO DISPONIVEL 
SAO BERNARDO DO CAMPO;2017;3;FEMININO;MANHA;COLISAO;MOTOCICLETA;25-29;-23.7763538325;-46.4811086281
SAO BERNARDO DO CAMPO;2017;3;FEMININO;TARDE;ATROPELAMENTO;PEDESTRE;80 ou mais;-23.691216;-46.557963
SAO BERNARDO DO CAMPO;2017;3;FEMININO;TARDE;COLISAO;AUTOMOVEL;18-24;-23.763320074;-46.5482583245
SAO BERNARDO DO CAMPO;2017;3;MASCULINO;MANHA;COLISAO;MOTOCICLETA;30-34;-23.7763538325;-46.4811086281
SAO BERNARDO DO CAMPO;2017;3;MASCULINO;MANHA;COLISAO;MOTOCICLETA;30-34;-23.7447185013;-46.561016069
SAO BERNARDO DO CAMPO;2017;3;MASCULINO;TARDE;COLISAO;AUTOMOVEL;25-29;-23.763320074;-46.5482583245
SAO JOAO DA BOA VISTA;2017;3;MASCULINO;NAO DISPONIVEL;NAO DISPONIVEL;MOTOCICLETA;30-34;NAO DISPONIVEL;NAO DISPONIVEL 
SAO JOAO DA BOA VISTA;2017;3;MASCULINO;NOITE;ATROPELAMENTO;PEDESTRE;30-34;-21.9775941609;-46.7737850573
SAO JOSE DO RIO PRETO;2017;3;FEMININO;NOITE;COLISAO;MOTOCICLETA;35-39;-20.842797;-49.398819
SAO JOSE DO RIO PRETO;2017;3;MASCULINO;MADRUGADA;NAO DISPONIVEL;MOTOCICLETA;25-29;-20.748242;-49.407489
SAO JOSE DO RIO PRETO;2017;3;MASCULINO;MANHA;NAO DISPONIVEL;NAO DISPONIVEL;0-17;NAO DISPONIVEL;NAO DISPONIVEL 
SAO JOSE DO RIO PRETO;2017;3;MASCULINO;NAO DISPONIVEL;NAO DISPONIVEL;MOTOCICLETA;35-39;-20.782005;-49.412284
SAO JOSE DO RIO PRETO;2017;3;MASCULINO;NOITE;NAO DISPONIVEL;NAO DISPONIVEL;70-74;NAO DISPONIVEL;NAO DISPONIVEL 
SAO JOSE DO RIO PRETO;2017;3;MASCULINO;TARDE;CHOQUE;MOTOCICLETA;18-24;-20.76545;-49.404483
SAO JOSE DOS CAMPOS;2017;3;MASCULINO;MADRUGADA;OUTROS;MOTOCICLETA;35-39;-23.1706753531;-45.8218567506
SAO JOSE DOS CAMPOS;2017;3;MASCULINO;NOITE;COLISAO;MOTOCICLETA;35-39;-23.159399;-45.964897
SAO LOURENCO DA SERRA;2017;3;FEMININO;TARDE;CHOQUE;AUTOMOVEL;18-24;-23.8772366856;-46.9677476261
SAO LUIS DO PARAITINGA;2017;3;MASCULINO;NOITE;COLISAO;AUTOMOVEL;80 ou mais;-23.2048233073;-45.3486972917
SAO MANUEL;2017;3;FEMININO;TARDE;COLISAO;MOTOCICLETA;55-59;-22.728567;-48.578604
Sao Miguel Arcanjo;2017;3;MASCULINO;NOITE;OUTROS;AUTOMOVEL;30-34;-23.8790692146;-48.0533614229
SAO PAULO;2017;3;FEMININO;MANHA;ATROPELAMENTO;PEDESTRE;45-49;-23.5592762221;-46.5609511377
SAO PAULO;2017;3;FEMININO;MANHA;ATROPELAMENTO;PEDESTRE;65-69;-23.5190844697;-46.5760659414
SAO PAULO;2017;3;FEMININO;MANHA;ATROPELAMENTO;PEDESTRE;70-74;-23.553034;-46.634696
SAO PAULO;2017;3;FEMININO;MANHA;COLISAO;ONIBUS;NAO DISPONIVEL;-23.746099;-46.664076
SAO PAULO;2017;3;FEMININO;MANHA;COLISAO;ONIBUS;NAO DISPONIVEL;-23.746099;-46.664076
SAO PAULO;2017;3;FEMININO;NOITE;ATROPELAMENTO;PEDESTRE;50-54;-23.515188;-46.69195
SAO PAULO;2017;3;FEMININO;NOITE;ATROPELAMENTO;PEDESTRE;60-64;-23.557982;-46.690112
SAO PAULO;2017;3;FEMININO;NOITE;ATROPELAMENTO;PEDESTRE;75-79;-23.668466;-46.787274
SAO PAULO;2017;3;FEMININO;NOITE;ATROPELAMENTO;PEDESTRE;75-79;-23.511797;-46.653144
SAO PAULO;2017;3;FEMININO;NOITE;CHOQUE;AUTOMOVEL;18-24;-23.600021;-46.676989
SAO PAULO;2017;3;FEMININO;TARDE;ATROPELAMENTO;PEDESTRE;18-24;-23.555352;-46.626816
SAO PAULO;2017;3;FEMININO;TARDE;ATROPELAMENTO;PEDESTRE;18-24;-23.606679;-46.665275
SAO PAULO;2017;3;FEMININO;TARDE;ATROPELAMENTO;PEDESTRE;50-54;-23.618258;-46.604291
SAO PAULO;2017;3;FEMININO;TARDE;ATROPELAMENTO;PEDESTRE;60-64;-23.598298;-46.644057
SAO PAULO;2017;3;FEMININO;TARDE;ATROPELAMENTO;PEDESTRE;65-69;-23.815152;-46.735343
SAO PAULO;2017;3;FEMININO;TARDE;ATROPELAMENTO;PEDESTRE;70-74;-23.642798;-46.776651
SAO PAULO;2017;3;FEMININO;TARDE;ATROPELAMENTO;PEDESTRE;70-74;-23.6048526216;-46.4711565774
SAO PAULO;2017;3;FEMININO;TARDE;ATROPELAMENTO;PEDESTRE;80 ou mais;-23.7546700027;-46.6680770715
SAO PAULO;2017;3;MASCULINO;MADRUGADA;ATROPELAMENTO;PEDESTRE;35-39;-23.541745;-46.415893
SAO PAULO;2017;3;MASCULINO;MADRUGADA;ATROPELAMENTO;PEDESTRE;45-49;-23.677178;-46.758505
SAO PAULO;2017;3;MASCULINO;MADRUGADA;ATROPELAMENTO;PEDESTRE;65-69;-23.551071;-46.62501
SAO PAULO;2017;3;MASCULINO;MADRUGADA;ATROPELAMENTO;PEDESTRE;75-79;NAO DISPONIVEL;NAO DISPONIVEL 
SAO PAULO;2017;3;MASCULINO;MADRUGADA;ATROPELAMENTO;PEDESTRE;NAO DISPONIVEL;-23.6364379861;-46.595118966
SAO PAULO;2017;3;MASCULINO;MADRUGADA;CHOQUE;MOTOCICLETA;0-17;-23.7547801919;-46.6748607904
SAO PAULO;2017;3;MASCULINO;MADRUGADA;CHOQUE;MOTOCICLETA;18-24;NAO DISPONIVEL;NAO DISPONIVEL 
SAO PAULO;2017;3;MASCULINO;MADRUGADA;COLISAO;AUTOMOVEL;25-29;-23.532302;-46.551341
SAO PAULO;2017;3;MASCULINO;MADRUGADA;COLISAO;AUTOMOVEL;40-44;-23.535080667;-46.548264075
SAO PAULO;2017;3;MASCULINO;MADRUGADA;COLISAO;BICICLETA;30-34;NAO DISPONIVEL;NAO DISPONIVEL 
SAO PAULO;2017;3;MASCULINO;MADRUGADA;COLISAO;BICICLETA;40-44;-23.4783203072;-46.5599929826
SAO PAULO;2017;3;MASCULINO;MADRUGADA;COLISAO;MOTOCICLETA;0-17;-23.6455401199;-46.6590423209
SAO PAULO;2017;3;MASCULINO;MADRUGADA;COLISAO;MOTOCICLETA;25-29;-23.651372;-46.669589
SAO PAULO;2017;3;MASCULINO;MADRUGADA;COLISAO;MOTOCICLETA;45-49;NAO DISPONIVEL;NAO DISPONIVEL 
SAO PAULO;2017;3;MASCULINO;MADRUGADA;OUTROS;MOTOCICLETA;18-24;NAO DISPONIVEL;NAO DISPONIVEL 
SAO PAULO;2017;3;MASCULINO;MANHA;ATROPELAMENTO;PEDESTRE;50-54;-23.578598;-46.442975
SAO PAULO;2017;3;MASCULINO;MANHA;ATROPELAMENTO;PEDESTRE;55-59;-23.644809;-46.700486
SAO PAULO;2017;3;MASCULINO;MANHA;ATROPELAMENTO;PEDESTRE;55-59;-23.52644;-46.397713
SAO PAULO;2017;3;MASCULINO;MANHA;ATROPELAMENTO;PEDESTRE;60-64;-23.673702;-46.677403
SAO PAULO;2017;3;MASCULINO;MANHA;ATROPELAMENTO;PEDESTRE;75-79;-23.580000198;-46.50894041
SAO PAULO;2017;3;MASCULINO;MANHA;CHOQUE;MOTOCICLETA;35-39;-23.59415;-46.742965
SAO PAULO;2017;3;MASCULINO;MANHA;COLISAO;MOTOCICLETA;35-39;-23.497988;-46.46235
SAO PAULO;2017;3;MASCULINO;MANHA;COLISAO;MOTOCICLETA;35-39;-23.611907;-46.723931
SAO PAULO;2017;3;MASCULINO;MANHA;COLISAO;MOTOCICLETA;45-49;-23.654817;-46.716598
SAO PAULO;2017;3;MASCULINO;MANHA;COLISAO;ONIBUS;0-17;-23.746099;-46.664076
SAO PAULO;2017;3;MASCULINO;MANHA;COLISAO;ONIBUS;0-17;-23.746099;-46.664076
SAO PAULO;2017;3;MASCULINO;MANHA;COLISAO;ONIBUS;18-24;-23.746099;-46.664076
SAO PAULO;2017;3;MASCULINO;MANHA;COLISAO;ONIBUS;18-24;-23.746099;-46.664076
SAO PAULO;2017;3;MASCULINO;MANHA;NAO DISPONIVEL;MOTOCICLETA;40-44;-23.583818;-46.716203
SAO PAULO;2017;3;MASCULINO;MANHA;OUTROS;MOTOCICLETA;18-24;-23.691194;-46.787717
SAO PAULO;2017;3;MASCULINO;MANHA;OUTROS;MOTOCICLETA;18-24;-23.508060538;-46.70604897
SAO PAULO;2017;3;MASCULINO;MANHA;OUTROS;MOTOCICLETA;25-29;-23.578831;-46.646933
SAO PAULO;2017;3;MASCULINO;MANHA;OUTROS;MOTOCICLETA;50-54;-23.578004;-46.514996
SAO PAULO;2017;3;MASCULINO;NAO DISPONIVEL;ATROPELAMENTO;PEDESTRE;80 ou mais;-23.60118;-46.511747
SAO PAULO;2017;3;MASCULINO;NAO DISPONIVEL;CHOQUE;AUTOMOVEL;35-39;-23.6533347617;-46.7775193826
SAO PAULO;2017;3;MASCULINO;NAO DISPONIVEL;NAO DISPONIVEL;MOTOCICLETA;45-49;NAO DISPONIVEL;NAO DISPONIVEL 
SAO PAULO;2017;3;MASCULINO;NOITE;ATROPELAMENTO;PEDESTRE;0-17;-23.752724;-46.697034
SAO PAULO;2017;3;MASCULINO;NOITE;ATROPELAMENTO;PEDESTRE;25-29;-23.496471;-46.442089
SAO PAULO;2017;3;MASCULINO;NOITE;ATROPELAMENTO;PEDESTRE;30-34;-23.590394;-46.736615
SAO PAULO;2017;3;MASCULINO;NOITE;ATROPELAMENTO;PEDESTRE;60-64;-23.5642882631;-46.6910789869
SAO PAULO;2017;3;MASCULINO;NOITE;ATROPELAMENTO;PEDESTRE;65-69;-23.646386;-46.674407
SAO PAULO;2017;3;MASCULINO;NOITE;ATROPELAMENTO;PEDESTRE;65-69;-23.6812682017;-46.7857953741
SAO PAULO;2017;3;MASCULINO;NOITE;ATROPELAMENTO;PEDESTRE;70-74;NAO DISPONIVEL;NAO DISPONIVEL 
SAO PAULO;2017;3;MASCULINO;NOITE;ATROPELAMENTO;PEDESTRE;75-79;-23.434539808;-46.786286831
SAO PAULO;2017;3;MASCULINO;NOITE;ATROPELAMENTO;PEDESTRE;NAO DISPONIVEL;-23.59718865;-46.5330500878
SAO PAULO;2017;3;MASCULINO;NOITE;ATROPELAMENTO;PEDESTRE;NAO DISPONIVEL;-23.612008;-46.487575
SAO PAULO;2017;3;MASCULINO;NOITE;CHOQUE;AUTOMOVEL;65-69;-23.492065;-46.494185
SAO PAULO;2017;3;MASCULINO;NOITE;CHOQUE;MOTOCICLETA;18-24;-23.523919;-46.457235
SAO PAULO;2017;3;MASCULINO;NOITE;CHOQUE;MOTOCICLETA;18-24;-23.467731;-46.694984
SAO PAULO;2017;3;MASCULINO;NOITE;COLISAO;BICICLETA;30-34;-23.517648;-46.584939
SAO PAULO;2017;3;MASCULINO;NOITE;COLISAO;MOTOCICLETA;18-24;-23.523712052;-46.606388286
SAO PAULO;2017;3;MASCULINO;NOITE;COLISAO;MOTOCICLETA;18-24;-23.629573;-46.618442
SAO PAULO;2017;3;MASCULINO;NOITE;COLISAO;MOTOCICLETA;18-24;-23.58181;-46.518686
SAO PAULO;2017;3;MASCULINO;NOITE;COLISAO;MOTOCICLETA;18-24;-23.801514;-46.627923
SAO PAULO;2017;3;MASCULINO;NOITE;COLISAO;MOTOCICLETA;25-29;-23.685791;-46.71464
SAO PAULO;2017;3;MASCULINO;NOITE;COLISAO;MOTOCICLETA;25-29;-23.550610754;-46.725099777
SAO PAULO;2017;3;MASCULINO;NOITE;COLISAO;PEDESTRE;65-69;-23.5237;-46.697755
SAO PAULO;2017;3;MASCULINO;NOITE;NAO DISPONIVEL;MOTOCICLETA;35-39;NAO DISPONIVEL;NAO DISPONIVEL 
SAO PAULO;2017;3;MASCULINO;NOITE;NAO DISPONIVEL;NAO DISPONIVEL;80 ou mais;NAO DISPONIVEL;NAO DISPONIVEL 
SAO PAULO;2017;3;MASCULINO;NOITE;OUTROS;AUTOMOVEL;40-44;NAO DISPONIVEL;NAO DISPONIVEL 
SAO PAULO;2017;3;MASCULINO;NOITE;OUTROS;MOTOCICLETA;18-24;-23.739373;-46.666922
SAO PAULO;2017;3;MASCULINO;TARDE;ATROPELAMENTO;PEDESTRE;45-49;-23.656455;-46.763097
SAO PAULO;2017;3;MASCULINO;TARDE;ATROPELAMENTO;PEDESTRE;45-49;-23.510897;-46.437665
SAO PAULO;2017;3;MASCULINO;TARDE;ATROPELAMENTO;PEDESTRE;45-49;-23.6135417397;-46.4557964963
SAO PAULO;2017;3;MASCULINO;TARDE;ATROPELAMENTO;PEDESTRE;50-54;-23.586021176;-46.51655375
SAO PAULO;2017;3;MASCULINO;TARDE;ATROPELAMENTO;PEDESTRE;50-54;-23.6425826765;-46.7381452169
SAO PAULO;2017;3;MASCULINO;TARDE;ATROPELAMENTO;PEDESTRE;75-79;-23.746234;-46.707522
SAO PAULO;2017;3;MASCULINO;TARDE;CHOQUE;BICICLETA;50-54;-23.452228;-46.601319
SAO PAULO;2017;3;MASCULINO;TARDE;COLISAO;MOTOCICLETA;18-24;-23.572168;-46.403112
SAO ROQUE;2017;3;MASCULINO;MADRUGADA;COLISAO;AUTOMOVEL;35-39;-23.5552632769;-47.1089457301
SAO ROQUE;2017;3;MASCULINO;NOITE;ATROPELAMENTO;PEDESTRE;75-79;-23.524116;-47.134691
SAO ROQUE;2017;3;MASCULINO;NOITE;COLISAO;MOTOCICLETA;18-24;-23.422346754;-47.16277615
SAO ROQUE;2017;3;MASCULINO;NOITE;COLISAO;MOTOCICLETA;40-44;-23.548679;-47.067516
SAO ROQUE;2017;3;MASCULINO;NOITE;NAO DISPONIVEL;NAO DISPONIVEL;25-29;-23.518813;-47.140049
SAO SIMAO;2017;3;FEMININO;TARDE;CHOQUE;AUTOMOVEL;18-24;-21.460923;-47.451996
SAO VICENTE;2017;3;MASCULINO;TARDE;ATROPELAMENTO;PEDESTRE;80 ou mais;-23.972324;-46.406365
SAO VICENTE;2017;3;MASCULINO;TARDE;OUTROS;MOTOCICLETA;18-24;-23.9521154286;-46.4116240202
SERRANA;2017;3;FEMININO;TARDE;COLISAO;AUTOMOVEL;30-34;-21.2071556467;-47.6610788789
SERTAOZINHO;2017;3;MASCULINO;NOITE;CHOQUE;AUTOMOVEL;18-24;-21.058188;-47.881176
SILVEIRAS;2017;3;MASCULINO;TARDE;OUTROS;MOTOCICLETA;70-74;NAO DISPONIVEL;NAO DISPONIVEL 
SOCORRO;2017;3;MASCULINO;NAO DISPONIVEL;COLISAO;MOTOCICLETA;NAO DISPONIVEL;-22.6730673206;-46.5598459859
SOROCABA;2017;3;FEMININO;MANHA;ATROPELAMENTO;PEDESTRE;80 ou mais;-23.504837;-47.48001
SOROCABA;2017;3;FEMININO;NAO DISPONIVEL;COLISAO;PEDESTRE;75-79;-23.487708;-47.492477
SOROCABA;2017;3;FEMININO;TARDE;ATROPELAMENTO;PEDESTRE;60-64;-23.485783;-47.489126
SOROCABA;2017;3;MASCULINO;MADRUGADA;CHOQUE;AUTOMOVEL;25-29;-23.503523;-47.452444
SOROCABA;2017;3;MASCULINO;MADRUGADA;COLISAO;ONIBUS;25-29;-23.4587570704;-47.4064471349
SOROCABA;2017;3;MASCULINO;MANHA;COLISAO;MOTOCICLETA;25-29;-23.458626;-47.437905
SOROCABA;2017;3;MASCULINO;NOITE;ATROPELAMENTO;PEDESTRE;35-39;-23.5105349805;-47.3396543593
SOROCABA;2017;3;MASCULINO;NOITE;COLISAO;MOTOCICLETA;25-29;-23.375172449;-47.526074562
SOROCABA;2017;3;MASCULINO;TARDE;CHOQUE;MOTOCICLETA;40-44;-23.5137572974;-47.3258498662
SOROCABA;2017;3;MASCULINO;TARDE;COLISAO;MOTOCICLETA;35-39;-23.5334441507;-47.5042391662
SUZANO;2017;3;MASCULINO;NAO DISPONIVEL;OUTROS;MOTOCICLETA;18-24;-23.49793;-46.33072
SUZANO;2017;3;MASCULINO;NOITE;COLISAO;BICICLETA;18-24;-23.63013399;-46.309185526
SUZANO;2017;3;MASCULINO;NOITE;COLISAO;MOTOCICLETA;45-49;-23.5835432194;-46.3553261091
SUZANO;2017;3;MASCULINO;TARDE;OUTROS;BICICLETA;65-69;-23.525277;-46.30615
TABOAO DA SERRA;2017;3;MASCULINO;MANHA;COLISAO;MOTOCICLETA;18-24;-23.6247459771;-46.7874811007
TAIUVA;2017;3;MASCULINO;NOITE;COLISAO;MOTOCICLETA;18-24;-21.09867;-48.39866
TANABI;2017;3;FEMININO;NAO DISPONIVEL;OUTROS;AUTOMOVEL;80 ou mais;-20.6171809758;-49.6677960828
TAPIRAI;2017;3;MASCULINO;NOITE;ATROPELAMENTO;PEDESTRE;45-49;-23.9797761892;-47.5093395724
TATUI;2017;3;MASCULINO;NOITE;COLISAO;MOTOCICLETA;35-39;-23.3961808388;-47.7650805164
TAUBATE;2017;3;FEMININO;NOITE;COLISAO;AUTOMOVEL;18-24;-23.1892217208;-45.4596871495
TAUBATE;2017;3;MASCULINO;NAO DISPONIVEL;NAO DISPONIVEL;MOTOCICLETA;70-74;NAO DISPONIVEL;NAO DISPONIVEL 
TAUBATE;2017;3;MASCULINO;NOITE;COLISAO;BICICLETA;55-59;-22.994257;-45.528799
TAUBATE;2017;3;MASCULINO;TARDE;COLISAO;AUTOMOVEL;50-54;-23.142013769;-45.4940383
TEODORO SAMPAIO;2017;3;MASCULINO;NAO DISPONIVEL;NAO DISPONIVEL;NAO DISPONIVEL;55-59;NAO DISPONIVEL;NAO DISPONIVEL 
TIETE;2017;3;MASCULINO;NOITE;COLISAO;AUTOMOVEL;50-54;NAO DISPONIVEL;NAO DISPONIVEL 
TIETE;2017;3;MASCULINO;NOITE;COLISAO;MOTOCICLETA;18-24;-23.1186316345;-47.7118820567
TIETE;2017;3;MASCULINO;NOITE;COLISAO;MOTOCICLETA;18-24;-23.1186316345;-47.7118820567
TUPA;2017;3;MASCULINO;MANHA;COLISAO;BICICLETA;65-69;-21.939754;-50.497342
TUPA;2017;3;MASCULINO;NOITE;CHOQUE;MOTOCICLETA;18-24;-21.937335;-50.488924
URUPES;2017;3;MASCULINO;TARDE;COLISAO;AUTOMOVEL;50-54;-21.218529112;-49.3523736365
URUPES;2017;3;MASCULINO;TARDE;COLISAO;AUTOMOVEL;65-69;-21.218529112;-49.3523736365
VALINHOS;2017;3;MASCULINO;NOITE;CHOQUE;AUTOMOVEL;30-34;-23.001061736;-47.010106183
VARGEM GRANDE DO SUL;2017;3;MASCULINO;TARDE;COLISAO;AUTOMOVEL;55-59;-21.8294113676;-46.8785900132
VARGEM GRANDE PAULISTA;2017;3;MASCULINO;TARDE;COLISAO;MOTOCICLETA;40-44;-23.6125290444;-47.0030449558
VINHEDO;2017;3;FEMININO;NOITE;COLISAO;AUTOMOVEL;70-74;-23.112032726;-47.002000809
VINHEDO;2017;3;MASCULINO;NAO DISPONIVEL;COLISAO;MOTOCICLETA;25-29;-23.068341;-46.98838
VISTA ALEGRE DO ALTO;2017;3;MASCULINO;MANHA;NAO DISPONIVEL;NAO DISPONIVEL;35-39;-21.159475389;-48.641863429
VOTORANTIM;2017;3;FEMININO;TARDE;OUTROS;MOTOCICLETA;25-29;-23.595445;-47.351225
VOTUPORANGA;2017;3;FEMININO;MANHA;ATROPELAMENTO;PEDESTRE;60-64;-21.135136;-48.977713
VOTUPORANGA;2017;3;MASCULINO;MADRUGADA;NAO DISPONIVEL;NAO DISPONIVEL;18-24;NAO DISPONIVEL;NAO DISPONIVEL 
